country,country_code,year,gdp_per_capita,gdp_growth,exports_pct_gdp,imports_pct_gdp,trade_openness,real_exchange_rate,income_level,trade_balance_pct_gdp,gdp_per_capita_growth
Argentina,ARG,2000,10684.643928725658,6.325894343555387,27.44449200986017,30.66522190243343,58.1097139122936,100.17695808719014,middle_income,-3.22072989257326,
Argentina,ARG,2001,14389.165924692394,4.707765022271995,29.758161699282926,21.524570745453847,51.28273244473677,81.7078791031928,middle_income,8.23359095382908,34.67145953275177
Argentina,ARG,2002,14125.257549190941,3.131153718680027,26.617847917308875,39.158007573698754,65.77585549100763,111.262150806228,middle_income,-12.540159656389879,-1.8340769498569442
Argentina,ARG,2003,13060.9892186467,6.262113784825789,38.520559082573634,32.04186779670783,70.56242687928146,92.86478196413681,middle_income,6.478691285865807,-7.534505667156488
Argentina,ARG,2004,16052.290031959543,2.0507430107309617,26.107557834036715,28.03191154078227,54.13946937481899,117.34137288834617,middle_income,-1.9243537067455563,22.90255939452328
Argentina,ARG,2005,11791.087069291432,5.0233256031913704,28.19327860044707,33.11308728144812,61.30636588189519,98.19254848193924,middle_income,-4.919808681001047,-26.545763590018655
Argentina,ARG,2006,11414.111804711127,6.001029316971411,33.524869326826106,24.78190435107541,58.30677367790152,99.89031748897041,middle_income,8.742964975750695,-3.1971205230270527
Argentina,ARG,2007,9699.39661037858,5.3384661229802255,26.07702548583017,27.71019365152469,53.78721913735486,103.18739680020438,middle_income,-1.6331681656945207,-15.022765009405326
Argentina,ARG,2008,14084.741692147129,6.857039585816004,27.400560584390984,32.31854404979264,59.71910463418362,88.03960589232572,middle_income,-4.917983465401658,45.2125555632618
Argentina,ARG,2009,13550.428554860384,4.735293540738273,22.642884304198144,25.91820046107577,48.56108476527392,108.63613405033144,middle_income,-3.2753161568776257,-3.793560073484681
Argentina,ARG,2010,14805.843992615193,4.050804869503171,26.596176116875526,33.975802527278006,60.57197864415353,81.86965099735934,middle_income,-7.37962641040248,9.264765558315169
Argentina,ARG,2011,15234.749436906466,3.331051123497253,26.951046735074343,19.324105918170225,46.27515265324457,98.64170587861862,middle_income,7.626940816904117,2.8968658896122434
Argentina,ARG,2012,13537.18187741012,2.3145035070713376,35.754643332220155,31.12406203167031,66.87870536389046,110.51032236981817,middle_income,4.630581300549846,-11.142733699209762
Argentina,ARG,2013,14583.379776347609,5.288744119346335,30.783557394565502,34.42533209691505,65.20888949148055,105.13395300191783,middle_income,-3.6417747023495473,7.728328602006229
Argentina,ARG,2014,12260.786373163028,5.932752016007163,29.05304289008351,42.95249227150283,72.00553516158634,106.99684405586802,middle_income,-13.899449381419316,-15.926304044769735
Argentina,ARG,2015,16691.83241571752,5.163760629907635,33.953994372173995,43.15954384610569,77.11353821827969,114.8230503649493,middle_income,-9.205549473931697,36.139982442344554
Argentina,ARG,2016,17907.326003098995,1.2304670832196498,32.679086519815186,25.561421202310523,58.24050772212571,96.59300475790116,middle_income,7.117665317504663,7.281966156315645
Argentina,ARG,2017,12503.474471297359,4.192080539216485,23.78716080927403,32.53017632770175,56.31733713697579,119.67638727238187,middle_income,-8.743015518427722,-30.17676414036613
Argentina,ARG,2018,15475.855511103278,6.09660336522906,27.813413056686688,25.720875730594774,53.53428878728146,117.85254009555433,middle_income,2.0925373260919145,23.772440585448763
Argentina,ARG,2019,21634.09122978543,4.250909058159194,33.04538181389976,36.603358826743026,69.64874064064279,100.48689015866108,middle_income,-3.557977012843267,39.7925382171207
Argentina,ARG,2020,14872.399163780641,5.949653075151035,32.72046979344742,48.35387875523408,81.0743485486815,104.92983398685041,middle_income,-15.633408961786657,-31.254800556149142
Argentina,ARG,2021,16258.945587295364,4.0749331982746515,43.72654448275538,40.389088657616576,84.11563314037195,100.62961361697492,middle_income,3.337455825138804,9.322950576067356
Argentina,ARG,2022,15580.842307193572,4.956847513729637,22.39474378875751,26.59441128277372,48.98915507153123,114.38161154779314,middle_income,-4.199667494016211,-4.170647330486532
Australia,AUS,2000,41800.78494159501,4.516482882444256,31.410446108479515,33.0508518114417,64.46129791992122,99.49589816892995,high_income,-1.6404057029621875,
Australia,AUS,2001,32991.852590335715,2.554751485783203,36.98677878353276,26.445718236925035,63.4324970204578,93.55687431994026,high_income,10.541060546607728,-21.073605109490966
Australia,AUS,2002,62303.19816891174,1.5388152087634057,35.70094646084384,37.588247695525354,73.28919415636919,91.88754137137289,high_income,-1.887301234681516,88.84419417890518
Australia,AUS,2003,54954.86170719607,-0.1275815749829481,40.18867981547901,57.57528562916584,97.76396544464485,107.37812818744365,high_income,-17.386605813686828,-11.794477133891924
Australia,AUS,2004,55172.33959848995,2.602902718347639,38.61285219301011,43.3969028748702,82.00975506788032,116.17358059423923,high_income,-4.784050681860087,0.39573912941974765
Australia,AUS,2005,38933.15769652253,2.479897272193831,52.54026251563082,46.47884210092207,99.0191046165529,103.22606060915956,high_income,6.061420414708749,-29.433556778897007
Australia,AUS,2006,59521.273577353255,1.567434900720638,53.498262998104266,45.59947106931875,99.09773406742302,97.37570918763262,high_income,7.8987919287855135,52.880673181743056
Australia,AUS,2007,61879.37321201551,4.7974809425047,53.22750432154843,38.147029979528476,91.3745343010769,105.03963916034553,high_income,15.080474342019954,3.96177617335034
Australia,AUS,2008,39850.88011710399,2.355693786085509,59.30296188770922,42.758751267495676,102.0617131552049,102.08890243959328,high_income,16.544210620213548,-35.59908892327647
Australia,AUS,2009,38731.54630307817,1.9711944957111367,52.13939245088956,41.92321993651744,94.062612387407,80.32239150766617,high_income,10.216172514372118,-2.8088057546949985
Australia,AUS,2010,64304.61501824204,2.9692499204606912,53.917876141139715,55.723996567535586,109.64187270867531,82.45525666581138,high_income,-1.8061204263958714,66.02645945259218
Australia,AUS,2011,46778.4116401222,1.7803455140253668,44.82138327182786,46.12310122498068,90.94448449680854,103.17024409074227,high_income,-1.3017179531528171,-27.25496976095414
Australia,AUS,2012,63100.99467206747,1.3644597529028268,36.49188801489443,35.12534586714105,71.61723388203548,94.25671358835879,high_income,1.3665421477533783,34.89341014294993
Australia,AUS,2013,55771.87788327569,1.6282747491372973,34.20274302696963,37.43089594174036,71.63363896870999,103.67785929308224,high_income,-3.2281529147707317,-11.614898983575161
Australia,AUS,2014,67626.63223310953,1.5938210972268818,33.11555167962973,46.632656439544455,79.74820811917418,106.48276310167073,high_income,-13.517104759914723,21.25579198649994
Australia,AUS,2015,62798.61441759218,4.8308617652628065,54.33282938455041,55.79850496224339,110.1313343467938,102.45105336274854,high_income,-1.4656755776929842,-7.139225562608431
Australia,AUS,2016,76582.80416753,2.887595148517132,40.97610992348088,53.825135859368906,94.80124578284978,102.03891728112681,high_income,-12.84902593588803,21.949831023781897
Australia,AUS,2017,54242.13322652369,2.6705821456085843,35.82698351557282,46.734885483186105,82.56186899875892,86.61832329494952,high_income,-10.907901967613284,-29.171915528366654
Australia,AUS,2018,64238.54123589089,1.6815984070107939,47.03800678068297,35.86251091994523,82.9005177006282,101.28783140068971,high_income,11.17549586073774,18.429230958931164
Australia,AUS,2019,45426.76347331634,2.409624056195369,42.309850803488175,56.7877645360264,99.09761533951458,95.37183600717297,high_income,-14.477913732538227,-29.284254282013745
Australia,AUS,2020,56200.65522856376,3.0821699365891595,60.34307467696741,58.07249873213788,118.41557340910529,88.37987002606498,high_income,2.270575944829531,23.71705781235327
Australia,AUS,2021,87207.706509683,2.762749330003456,35.32065991829039,44.58002334322188,79.90068326151227,97.54620741954008,high_income,-9.259363424931493,55.172045868532926
Australia,AUS,2022,74758.5863558263,3.728396844710559,64.1796406455068,47.271431563974716,111.45107220948151,93.91386714701247,high_income,16.90820908153208,-14.275252328157995
Bangladesh,BGD,2000,3903.866120893399,2.354838311206906,16.07788096952236,16.89586759202904,32.9737485615514,107.43741609587917,low_income,-0.8179866225066803,
Bangladesh,BGD,2001,3100.142304638182,5.764475791697452,18.88452626680898,27.516196753492924,46.4007230203019,81.13332819461587,low_income,-8.631670486683944,-20.58789393298367
Bangladesh,BGD,2002,2256.588445969944,6.814211898221833,23.825106629378244,23.129311535972594,46.95441816535084,119.13822958456923,low_income,0.6957950934056498,-27.210165720656786
Bangladesh,BGD,2003,1286.3800202563475,4.127613552314596,12.515645701689655,18.616843789481322,31.132489491170976,106.07937029375483,low_income,-6.101198087791667,-42.99447812233099
Bangladesh,BGD,2004,1861.5703830703828,3.595005885676826,17.21122634768463,23.913218020766784,41.124444368451414,111.14964985799756,low_income,-6.701991673082155,44.71387566322838
Bangladesh,BGD,2005,1175.1598777651193,5.337510498238242,19.846706958957792,29.2603419379986,49.10704889695639,94.60719907237407,low_income,-9.413634979040808,-36.872659317512976
Bangladesh,BGD,2006,2000.3967637791945,7.6201864204952505,25.857384187852983,23.647629208332905,49.50501339618589,111.10813637441254,low_income,2.2097549795200777,70.22337144316771
Bangladesh,BGD,2007,2507.193598974802,7.832216885189392,20.39586748142801,27.958444894607574,48.35431237603559,116.81605231093236,low_income,-7.5625774131795644,25.334815791151133
Bangladesh,BGD,2008,4931.518006138064,3.2056703935681856,21.09041244576199,25.286772762226725,46.37718520798872,93.74138433971422,low_income,-4.196360316464734,96.69474300487104
Bangladesh,BGD,2009,4417.118917299739,3.767311831941976,28.902904960429233,23.52900788238442,52.43191284281365,105.45591648857771,low_income,5.373897078044813,-10.430846814268403
Bangladesh,BGD,2010,2311.606661388617,4.1496115806789415,31.272443927930784,24.791739321808404,56.06418324973919,103.75966061514474,low_income,6.48070460612238,-47.6670946680842
Bangladesh,BGD,2011,3201.4209930586253,6.003314044310529,13.733743114320752,20.40754971692995,34.1412928312507,87.17953227561854,low_income,-6.673806602609197,38.493327888901455
Bangladesh,BGD,2012,3656.3288422632463,8.930562810372503,22.007176019542356,25.36726585082136,47.37444187036372,105.96248787054301,low_income,-3.360089831279005,14.209560385558785
Bangladesh,BGD,2013,2229.567783422888,9.2766071638897,18.443013455069718,24.248354135152766,42.691367590222484,104.84452730444849,low_income,-5.805340680083049,-39.02168323452004
Bangladesh,BGD,2014,1412.4379437584118,3.291873581905674,18.328514625551804,26.573571940466827,44.90208656601863,86.04442394175877,low_income,-8.245057314915023,-36.64969711797676
Bangladesh,BGD,2015,6002.911272709068,2.808665124213793,19.43886600134951,27.08583820933641,46.52470421068592,117.25628954048649,low_income,-7.646972207986899,325.0035408094238
Bangladesh,BGD,2016,4551.746899881865,6.895844992556771,18.010741638973784,22.893493997047017,40.9042356360208,97.60591690408546,low_income,-4.882752358073233,-24.1743431961856
Bangladesh,BGD,2017,6363.443534909636,4.195854451034789,27.827292862366306,33.692691256782986,61.51998411914929,85.36597103596267,low_income,-5.86539839441668,39.80222703232448
Bangladesh,BGD,2018,2014.593080686261,6.0040092576321005,32.54936457944708,34.34533062539364,66.89469520484072,116.53972630671421,low_income,-1.7959660459465638,-68.34114941643983
Bangladesh,BGD,2019,3893.1008742343606,5.7235311795387585,23.88223365245646,22.979212677152443,46.8614463296089,102.54173801080022,low_income,0.9030209753040168,93.24502360090483
Bangladesh,BGD,2020,1979.0169678299383,7.709670923616384,31.65419538150501,25.07285972744602,56.72705510895103,103.1811959522773,low_income,6.581335654058989,-49.16604958973371
Bangladesh,BGD,2021,4150.723395638783,8.930812037137118,30.117474412768562,28.49594988706883,58.61342429983739,89.1146534296547,low_income,1.6215245256997335,109.73662495628811
Bangladesh,BGD,2022,3444.936461448048,7.0578125873965485,30.10651784271646,21.851746744501714,51.958264587218174,82.7871444193808,low_income,8.254771098214746,-17.003950080901898
Brazil,BRA,2000,9321.770617885857,3.2337101672838875,30.91438431752309,34.947995123321476,65.86237944084456,94.2150619177628,middle_income,-4.033610805798386,
Brazil,BRA,2001,9717.282496502818,4.114383140281977,34.30957693900247,26.658116472626602,60.96769341162907,81.78616425227754,middle_income,7.651460466375866,4.242883619750137
Brazil,BRA,2002,15130.298100220367,5.864756390241702,17.779563963738156,26.653361556099924,44.43292551983808,116.608105695561,middle_income,-8.873797592361768,55.70503487642411
Brazil,BRA,2003,10105.09568554422,2.8104071481328083,20.19558328969451,21.674930280023396,41.87051356971791,118.40920172178289,middle_income,-1.4793469903288852,-33.212844726456225
Brazil,BRA,2004,15243.460609902184,3.553626983466858,29.152488035960367,21.231238130664558,50.383726166624925,83.12711068864438,middle_income,7.921249905295809,50.84924561089132
Brazil,BRA,2005,9160.71456256615,6.79288297858491,27.33725714914831,28.797649076336207,56.134906225484514,108.6190882429953,middle_income,-1.4603919271878958,-39.90397064682719
Brazil,BRA,2006,12598.212723723234,4.688117321441508,24.450474431094108,23.672391780887246,48.12286621198135,81.9456372043412,middle_income,0.7780826502068621,37.52434526454837
Brazil,BRA,2007,13615.69394096995,4.701622491184067,41.64824948409082,28.508292732776987,70.1565422168678,118.39123053644681,middle_income,13.139956751313832,8.076393370709912
Brazil,BRA,2008,14633.569626516204,5.219202375196879,28.520821802413852,40.750528212472965,69.27135001488682,96.94932039657489,middle_income,-12.229706410059112,7.47575327382648
Brazil,BRA,2009,12010.718127622706,3.235373986609387,27.871978494240963,22.831629726746627,50.70360822098759,118.74474363084451,middle_income,5.040348767494336,-17.923524921362045
Brazil,BRA,2010,17868.612000859124,2.0847683720787864,28.96866997336135,25.447194859977202,54.41586483333855,80.63741637859523,middle_income,3.521475113384149,48.772220037070156
Brazil,BRA,2011,11142.935378179602,5.370841612249581,41.64463877072815,35.049906970776505,76.69454574150465,116.41764249527827,middle_income,6.594731799951646,-37.63961421489343
Brazil,BRA,2012,14234.51522984378,7.255685585674798,30.059372278496443,40.74394365296946,70.8033159314659,108.16992506733374,middle_income,-10.68457137447302,27.744752587529085
Brazil,BRA,2013,11644.99794507728,2.983778724610227,37.71686617183768,29.714915422844413,67.43178159468209,81.92841461869409,middle_income,8.001950748993266,-18.191819271353715
Brazil,BRA,2014,13586.027487717467,5.180793693147467,29.2100665654644,35.210721335537755,64.42078790100216,80.87146599334872,middle_income,-6.000654770073357,16.66835453123221
Brazil,BRA,2015,12603.301598010581,1.6654412038385105,20.689891350829882,29.614710477210735,50.30460182804062,85.46064482829674,middle_income,-8.924819126380854,-7.233357142809593
Brazil,BRA,2016,12077.940938276977,4.440748728025211,35.31464820660903,34.43674338650954,69.75139159311857,89.16485362418881,middle_income,0.8779048200994879,-4.16843678339437
Brazil,BRA,2017,12929.189148632406,3.980486389637471,30.833622174021873,44.27382021876397,75.10744239278584,94.25394612127849,middle_income,-13.4401980447421,7.047958047697378
Brazil,BRA,2018,20367.499102579604,7.109651467580978,47.05951936115726,33.21193889656186,80.27145825771912,83.74483484454055,middle_income,13.847580464595396,57.531140340181274
Brazil,BRA,2019,17227.066506255516,6.0873238904825175,34.663389332846954,29.48072214579913,64.14411147864608,118.71672000633366,middle_income,5.182667187047823,-15.418842443578862
Brazil,BRA,2020,21472.41493684559,2.8948662188613437,22.446644597075743,26.12863660059472,48.57528119767046,110.50485621403556,middle_income,-3.681992003518978,24.643478499653426
Brazil,BRA,2021,15779.72132929425,3.265181773222644,36.72355287073762,47.425833997884766,84.14938686862239,91.63027464982665,middle_income,-10.702281127147145,-26.51165984028635
Brazil,BRA,2022,18104.787161047916,3.893966517768867,32.352049938213504,35.333730566472155,67.68578050468567,80.01161241233217,middle_income,-2.981680628258651,14.734517696692784
Canada,CAN,2000,58654.45843901047,2.0745494048937854,40.96248402006709,58.895174334330974,99.85765835439807,92.15898555419048,high_income,-17.932690314263887,
Canada,CAN,2001,60991.91414929491,1.7907289890243643,48.40085264679733,34.84909062279786,83.24994326959519,104.23247367406162,high_income,13.551762023999473,3.9851287907038735
Canada,CAN,2002,61692.20247296348,0.6424049877499161,43.327784961446554,54.31827623163604,97.6460611930826,82.59314132406257,high_income,-10.990491270189487,1.1481658404004502
Canada,CAN,2003,60373.021474482826,1.6926490508748624,48.8247546480188,33.422698198484035,82.24745284650284,97.6747856907895,high_income,15.402056449534768,-2.1383269612699984
Canada,CAN,2004,34320.902075451486,2.3004913164820295,54.93940375882317,36.706155579873304,91.64555933869647,80.18200569466711,high_income,18.233248178949864,-43.15192243615385
Canada,CAN,2005,40198.37527358145,1.9665025138083885,40.50352527485986,30.628104976701557,71.13163025156142,88.86763943154374,high_income,9.875420298158303,17.125054537345363
Canada,CAN,2006,65143.877628578855,1.3867311864616754,39.043985156707414,42.321101402501235,81.36508655920865,90.8284824599502,high_income,-3.2771162457938203,62.055996505390354
Canada,CAN,2007,38075.54519872835,1.0998809407074766,46.913148401427605,45.793103579326655,92.70625198075426,80.29570535814507,high_income,1.120044822100951,-41.55161377433192
Canada,CAN,2008,62720.00452749866,1.9719650816849073,55.65891038943156,43.3673138489852,99.02622423841676,114.23794586478628,high_income,12.291596540446363,64.72516466971925
Canada,CAN,2009,48612.87504256601,1.3633441673949056,57.25350400438884,51.06333369797404,108.31683770236288,100.15796384373353,high_income,6.1901703064147995,-22.49223288679386
Canada,CAN,2010,71534.86577595002,4.608399279262571,27.467171220380177,39.45962127643272,66.9267924968129,108.61601390939649,high_income,-11.992450056052544,47.15209851981237
Canada,CAN,2011,67164.41163303712,2.8637118288153744,42.84105083435089,39.37478066195914,82.21583149631003,83.50867020508109,high_income,3.466270172391745,-6.109544060096983
Canada,CAN,2012,54659.229538950436,0.15830667283825384,48.20909761782866,62.35433903341297,110.56343665124163,85.77270207290206,high_income,-14.145241415584309,-18.618762213552365
Canada,CAN,2013,71581.93443258155,3.719080667500273,45.45986641015711,31.284889539111468,76.74475594926858,90.9959144990515,high_income,14.174976871045644,30.960379493772237
Canada,CAN,2014,44963.406263267134,-0.37934119395895527,54.19880572790597,58.30351925980991,112.50232498771588,116.47538467027331,high_income,-4.10471353190394,-37.186097833643636
Canada,CAN,2015,75329.45405707932,3.452856279558387,53.826207917519895,48.11447661642508,101.94068453394497,80.12268609005231,high_income,5.711731301094815,67.53502529593656
Canada,CAN,2016,67379.73189830066,1.6876665666141633,50.84480330872578,45.76563718687188,96.61044049559766,117.46001684870704,high_income,5.079166121853902,-10.553271968166566
Canada,CAN,2017,79207.92447067007,2.3721430180186087,37.41643656609899,50.90195605144021,88.31839261753919,85.91376550317526,high_income,-13.485519485341221,17.554526026049277
Canada,CAN,2018,49868.99988571368,2.474735880650799,44.36145333055476,34.852449663260465,79.21390299381522,92.27548789824549,high_income,9.509003667294294,-37.040390568269856
Canada,CAN,2019,44498.937069525484,3.002547007281095,60.33186566852561,53.899569994169724,114.23143566269533,118.26575418256581,high_income,6.432295674355885,-10.768338704395386
Canada,CAN,2020,47214.06454832613,3.8068114670909075,62.46888785059679,45.01573384719605,107.48462169779285,90.80219547745781,high_income,17.45315400340074,6.101555806958969
Canada,CAN,2021,55654.08288203506,0.6559296930243639,41.490449209244304,35.00974857363531,76.50019778287961,97.15689182630972,high_income,6.480700635608997,17.876068104812525
Canada,CAN,2022,92305.91727664514,2.9807645970799905,48.78109329931402,47.55943505173941,96.34052835105344,83.75536899558185,high_income,1.2216582475746094,65.85650593200442
China,CHN,2000,11972.391243207318,4.082069549249152,25.988998313309427,38.648583174360915,64.63758148767035,98.6072434899592,middle_income,-12.659584861051489,
China,CHN,2001,11522.587257349447,6.2768243780684045,30.99299496270428,35.21840962828468,66.21140459098896,96.498037995081,middle_income,-4.225414665580402,-3.7570104143821115
China,CHN,2002,12345.054022168144,6.413531822321637,26.089446049108506,26.03995796981182,52.129404018920326,93.5494821223628,middle_income,0.04948807929668675,7.137865363476448
China,CHN,2003,9962.474084748836,2.7821236709661803,22.08355213021617,31.164613232622077,53.24816536283825,93.02814358544683,middle_income,-9.081061102405908,-19.299874533889316
China,CHN,2004,13959.133289862033,6.4964954328607565,28.92141668208939,30.045587554201465,58.967004236290855,80.09728720421293,middle_income,-1.1241708721120744,40.11713527296927
China,CHN,2005,13658.55298703799,5.31191327528316,23.04054135772185,28.20372819917241,51.24426955689426,108.32639604423971,middle_income,-5.16318684145056,-2.153287719104613
China,CHN,2006,13279.768379284587,3.722567027759387,24.427723187210187,23.015087673435648,47.442810860645835,100.22863589738162,middle_income,1.4126355137745392,-2.7732411194133832
China,CHN,2007,11546.97683455719,3.710216648242477,28.113158631644456,22.39988679681157,50.513045428456024,81.64014685307812,middle_income,5.713271834832888,-13.048356682413365
China,CHN,2008,16357.79859201396,5.438495365169079,18.802135269287383,26.60293283986093,45.40506810914831,114.76489532039497,middle_income,-7.800797570573547,41.66304155958114
China,CHN,2009,15954.401742617341,4.488716978716113,33.19662003135255,34.46455069850634,67.6611707298589,97.23689699208252,middle_income,-1.2679306671537915,-2.466082750239762
China,CHN,2010,11323.279144695221,3.357934382771768,34.73794521212685,39.64659404120419,74.38453925333104,82.00754874913892,middle_income,-4.908648829077336,-29.027240711580436
China,CHN,2011,12517.536727203129,5.690815502634093,17.987497095784622,26.718195574455667,44.70569267024029,95.0240055308502,middle_income,-8.730698478671044,10.54692344193775
China,CHN,2012,18747.441506220766,5.2767948932775965,37.40934916808932,28.576999945404598,65.98634911349392,106.29637255941645,middle_income,8.832349222684723,49.76941482008037
China,CHN,2013,11368.705796088334,2.397043782770384,27.89645001271049,38.44327043193114,66.33972044464163,105.1047152083911,middle_income,-10.546820419220651,-39.35862772359644
China,CHN,2014,14981.713625572693,5.372344210684075,28.956744617628022,37.08663171626213,66.04337633389015,86.61544924770153,middle_income,-8.12988709863411,31.78029139189702
China,CHN,2015,17932.116015257187,5.201845040952621,38.80141420883031,36.38951692199031,75.19093113082062,102.90848931181958,middle_income,2.411897286840002,19.69335727154984
China,CHN,2016,13214.26089615426,6.683223330230582,34.34721690779558,31.052632342983745,65.39984925077933,104.37764302122942,middle_income,3.2945845648118315,-26.309528195606326
China,CHN,2017,16969.234171834265,4.533532350433724,31.736642748603572,33.50130318910407,65.23794593770764,116.46008077070502,middle_income,-1.7646604405004993,28.416067347155337
China,CHN,2018,13925.347362932702,3.608063593753811,31.770927202362746,37.05617955481566,68.8271067571784,83.38797697947929,middle_income,-5.285252352452911,-17.93767932057796
China,CHN,2019,17589.758621028588,4.034881612123479,34.51543649101301,39.024046807321476,73.53948329833449,97.11394293839051,middle_income,-4.508610316308463,26.314684744238615
China,CHN,2020,21333.84267175966,5.8252610293054605,29.977394831660163,40.80859818907818,70.78599302073835,103.34496979527023,middle_income,-10.831203357418019,21.285590845203608
China,CHN,2021,16851.45592282317,4.9531568811006075,43.30572000319364,33.845542460668966,77.15126246386261,90.53430366045396,middle_income,9.460177542524676,-21.010686250489595
China,CHN,2022,17657.29383525112,5.46175971091118,36.41720194445839,42.18178376159144,78.59898570604983,119.34568051430186,middle_income,-5.764581817133049,4.782007656303122
Egypt,EGY,2000,1606.0403353005631,2.9685574286062133,22.108048457254686,20.128165636055375,42.23621409331006,118.77549958930132,low_income,1.9798828211993111,
Egypt,EGY,2001,3376.577744785986,7.31412293492221,17.444092851675837,22.14594204184709,39.590034893522926,112.02945224686962,low_income,-4.701849190171252,110.24239993038995
Egypt,EGY,2002,4559.818595706539,8.026080065006983,24.225520206809815,30.13566990001215,54.361190106821965,104.75974097455409,low_income,-5.910149693202335,35.04260645997799
Egypt,EGY,2003,4874.216511309191,8.732344551960475,24.569408712608027,18.818476914539726,43.38788562714775,111.85055233538074,low_income,5.750931798068301,6.894965424692234
Egypt,EGY,2004,5119.623338548855,4.431184807323166,21.25677907575036,22.353720686984822,43.61049976273518,119.11301283719956,low_income,-1.0969416112344632,5.034795370092171
Egypt,EGY,2005,2522.876848718476,3.8173382082264675,29.190313730655614,23.18667839224179,52.376992122897406,93.87684378524455,low_income,6.003635338413822,-50.721436287662925
Egypt,EGY,2006,2985.1372436246265,6.002600381811766,16.87008538817788,22.72486659572208,39.59495198389996,81.26788390094107,low_income,-5.8547812075442,18.32274909260676
Egypt,EGY,2007,2136.065545132779,5.292101206922203,15.937332656758784,22.250587426823145,38.18792008358193,101.02624340722855,low_income,-6.313254770064361,-28.443305255234563
Egypt,EGY,2008,3114.7775557282544,8.52948869285552,26.376597509800366,25.06060245752038,51.437199967320744,114.41813555142215,low_income,1.3159950522799875,45.81844470201584
Egypt,EGY,2009,3444.626444432957,9.392232991309674,24.042154851212512,19.59477265007983,43.63692750129234,81.90248717366538,low_income,4.447382201132683,10.589805621852255
Egypt,EGY,2010,1408.2386110883654,7.291524742427804,31.105736706233973,21.84799032001106,52.95372702624503,83.41536283636982,low_income,9.257746386222912,-59.11781338831983
Egypt,EGY,2011,4579.1916445730585,6.146322929554709,15.153675121299065,22.629121694547358,37.782796815846424,116.0289123811045,low_income,-7.475446573248293,225.1715730925744
Egypt,EGY,2012,5733.776151801794,3.731280277125775,30.93171968796357,29.99758082959476,60.92930051755833,109.21416483772285,low_income,0.9341388583688115,25.213718857935753
Egypt,EGY,2013,6113.521608803663,4.586613873195636,24.03901862036736,19.04225984638448,43.08127846675184,89.37356582756709,low_income,4.996758773982883,6.622955744139691
Egypt,EGY,2014,4871.031332106881,8.39138069569432,22.621891201300297,15.211596578987137,37.833487780287435,110.50795698178206,low_income,7.41029462231316,-20.323642512485073
Egypt,EGY,2015,1372.3142740483204,3.1535188216912244,27.63311042641262,38.54953886866136,66.18264929507399,88.90441384365045,low_income,-10.916428442248737,-71.82702839534498
Egypt,EGY,2016,6400.8579560756525,3.319956931224533,30.883417243013916,35.01049139934651,65.89390864236043,108.5437681521883,low_income,-4.127074156332597,366.4279951845981
Egypt,EGY,2017,4556.891496635268,7.477552031558398,29.490670548019867,27.312786292471554,56.80345684049142,104.32924702717308,low_income,2.1778842555483138,-28.80811403868295
Egypt,EGY,2018,3457.6664783831006,7.3380294188905655,25.071729384944813,23.114662372511315,48.18639175745613,112.3152643423119,low_income,1.9570670124334981,-24.12225568819921
Egypt,EGY,2019,2108.0249723294273,7.100102078054281,25.59570371445258,26.660346125439297,52.25604983989187,104.14013224113845,low_income,-1.0646424109867176,-39.03330510595697
Egypt,EGY,2020,1581.5311329811468,5.4459626094915095,21.722089473921667,20.23772930822319,41.95981878214486,82.16361828287916,low_income,1.484360165698476,-24.975692710437393
Egypt,EGY,2021,7540.262384551738,7.911664510393555,32.649105105933764,39.424631811279205,72.07373691721297,92.98616595131924,low_income,-6.775526705345442,376.7697724886725
Egypt,EGY,2022,6533.943032133523,5.711069052358021,26.345109184301833,31.110716423121982,57.45582560742381,106.2579874159039,low_income,-4.765607238820149,-13.345946083785254
France,FRA,2000,59307.330301848306,2.892103634354193,34.541670309836626,47.45362009367617,81.9952904035128,117.91136317118688,high_income,-12.911949783839546,
France,FRA,2001,32774.43865154894,0.044455691198176384,37.56900891839281,37.14521003549899,74.7142189538918,83.60404767113728,high_income,0.42379888289381995,-44.737963275801796
France,FRA,2002,60121.84249143133,3.919365914149669,46.2516463399933,54.10669247309178,100.35833881308508,95.31572989368209,high_income,-7.855046133098483,83.44125777601971
France,FRA,2003,62334.61442813021,3.398389770566945,26.537462735666747,35.770444943855324,62.307907679522074,115.07456760668225,high_income,-9.232982208188577,3.6804792484765425
France,FRA,2004,56695.02062831203,2.6384515256483425,33.47571624667836,35.65920628814865,69.13492253482701,116.66689970666107,high_income,-2.183490041470293,-9.047290741359204
France,FRA,2005,65843.52714722838,2.3482700941027703,29.709341628579217,35.5767117628746,65.28605339145382,85.55496027646367,high_income,-5.867370134295385,16.136349219966274
France,FRA,2006,60291.16749820589,3.00720253237601,44.18001013444754,34.00597761146922,78.18598774591676,90.28635497380391,high_income,10.174032522978322,-8.432658287894002
France,FRA,2007,68780.1288531909,4.305231129795848,44.8543550476928,35.700251154481016,80.55460620217382,98.93957276483877,high_income,9.154103893211783,14.079941900673276
France,FRA,2008,62438.67506284821,2.2858737371201925,41.46615888369945,36.71237037411895,78.1785292578184,102.14306073945109,high_income,4.753788509580502,-9.219892280048391
France,FRA,2009,66086.648633854,3.7532813560708993,36.33520176927707,46.3035952055691,82.63879697484617,105.71479483535383,high_income,-9.968393436292033,5.842490359274732
France,FRA,2010,61972.14388117771,1.7373828254691572,45.03533400748542,61.27336709759058,106.308701105076,112.84190263944913,high_income,-16.238033090105162,-6.2259243549665495
France,FRA,2011,73615.97682231202,1.6676473027124177,34.66095275184953,51.02602909236481,85.68698184421434,102.68716236349651,high_income,-16.36507634051528,18.788817381337665
France,FRA,2012,57820.06166032178,2.11273138893166,47.850988494455464,63.023993342077716,110.87498183653318,90.83139384440932,high_income,-15.173004847622252,-21.457183404788715
France,FRA,2013,77140.96607296349,0.6451145954100559,39.98132456247595,28.344352415968814,68.32567697844476,106.75385682692985,high_income,11.636972146507134,33.41557213506123
France,FRA,2014,45720.83748875506,4.194263396095387,61.29222094435172,44.402605074189474,105.69482601854119,102.95029798353369,high_income,16.889615870162245,-40.73079478223001
France,FRA,2015,57493.160253292765,0.7291419349945569,43.55396182111688,36.751291646859876,80.30525346797675,85.68465894050331,high_income,6.802670174257003,25.748265804258462
France,FRA,2016,74008.7771367255,3.4264360965603773,42.9448969684906,40.717721276623074,83.66261824511368,97.65750046615773,high_income,2.2271756918675294,28.726229016932248
France,FRA,2017,47400.53757144573,1.7484666404217517,58.16406816505312,52.14706412157125,110.31113228662437,101.39376283227112,high_income,6.017004043481876,-35.952816131690845
France,FRA,2018,78780.11052981166,4.8816743074601945,47.66587404622216,37.96283995485342,85.62871400107558,92.71331832483534,high_income,9.703034091368735,66.200879918436
France,FRA,2019,69346.3295160089,3.4938364390739016,30.749274017804012,43.40199663088153,74.15127064868554,93.94831862090884,high_income,-12.652722613077515,-11.974825816260893
France,FRA,2020,55677.58925698917,4.247398099771782,46.53257107998638,55.78239684007674,102.31496792006313,104.82759025437065,high_income,-9.24982576009036,-19.71083452349737
France,FRA,2021,63624.938155616415,2.1225643032123935,59.537066683382264,58.05611031839206,117.59317700177432,84.45956973859658,high_income,1.480956364990206,14.273873931475256
France,FRA,2022,46951.87910963276,2.4582698778738883,49.86020785646389,36.57230083945264,86.43250869591652,113.93255797246624,high_income,13.28790701701125,-26.205226329971467
Germany,DEU,2000,32306.47612330556,2.2513125087206634,38.72518014850367,30.39966048112748,69.12484062963115,117.29746332549503,high_income,8.325519667376188,
Germany,DEU,2001,55787.279413161355,0.5455064009854274,25.319194092878575,36.44826875770463,61.76746285058321,92.58883009922599,high_income,-11.129074664826057,72.6814128543007
Germany,DEU,2002,48043.236452759564,4.02610449696513,48.85866845303752,33.525799290237934,82.38446774327545,109.40066734909078,high_income,15.332869162799582,-13.881377693737862
Germany,DEU,2003,48179.49321514497,1.4483056112152797,37.65439319437265,32.54135382339141,70.19574701776406,118.71349034511701,high_income,5.113039370981241,0.2836127880755601
Germany,DEU,2004,47229.68115611257,4.290120826701889,32.62554176833006,40.25114129789584,72.8766830662259,95.08879181744814,high_income,-7.625599529565783,-1.9714031751870476
Germany,DEU,2005,43837.30938278248,1.969979457787027,53.43713723901494,50.692963794376304,104.13010103339124,119.53767757605138,high_income,2.7441734446386334,-7.18271157096525
Germany,DEU,2006,51186.12691519428,1.9999874730146063,46.2962375434435,33.26654820267566,79.56278574611916,99.76871024492993,high_income,13.029689340767845,16.763842571273592
Germany,DEU,2007,47007.4806650632,3.2978539750819373,30.940155504498165,36.908781146851126,67.84893665134929,86.88830304704913,high_income,-5.968625642352961,-8.163630463883909
Germany,DEU,2008,57194.01101414259,3.6072275852665765,48.04363708362473,45.537570313688036,93.58120739731277,93.88876742559842,high_income,2.5060667699366945,21.670019760599924
Germany,DEU,2009,63130.46870360983,4.145613568622188,32.19109839836312,42.76155260543816,74.95265100380128,100.32580567570936,high_income,-10.570454207075045,10.379509295124123
Germany,DEU,2010,50809.130591422436,3.9961966802620856,42.344030556834234,41.80493525915559,84.14896581598983,100.71156094111974,high_income,0.5390952976786423,-19.517260627407406
Germany,DEU,2011,39776.39875965034,-0.2540674704711996,30.41467972477311,36.90028533348958,67.31496505826269,111.40954775025882,high_income,-6.485605608716469,-21.71407324500575
Germany,DEU,2012,56340.25916616891,1.8354699671692245,45.8306703871969,45.112568832591364,90.94323921978827,96.62742914373916,high_income,0.7181015546055391,41.642433510901796
Germany,DEU,2013,44439.83311268536,4.147550568358046,45.873971802901096,52.63496426438538,98.50893606728648,114.64222884819736,high_income,-6.760992461484285,-21.12241979289562
Germany,DEU,2014,43552.036354294905,2.307349762546584,39.12983520288629,33.93895371592165,73.06878891880794,102.24311157366579,high_income,5.190881486964642,-1.9977499828572332
Germany,DEU,2015,52217.878898799376,2.5333049276161352,39.78350549990454,47.15058322258232,86.93408872248686,93.82793585798964,high_income,-7.367077722677777,19.89767475855324
Germany,DEU,2016,73770.1951737347,1.749229707482492,45.02697750628072,35.45708211826055,80.48405962454127,94.19958118296273,high_income,9.569895388020171,41.273825611922476
Germany,DEU,2017,63197.87403338995,0.1076056584078322,44.488962070559644,60.17830296570283,104.66726503626248,93.18638779541598,high_income,-15.689340895143182,-14.331426283265337
Germany,DEU,2018,60633.03309036346,0.6122849041788012,43.72676067994335,46.296651342045934,90.02341202198927,109.96371475226009,high_income,-2.569890662102587,-4.058429151701182
Germany,DEU,2019,52267.74448287993,2.8126728228872704,60.32460550591996,42.83682373626384,103.1614292421838,87.29317946090157,high_income,17.487781769656124,-13.796586087020357
Germany,DEU,2020,63690.19767181986,3.0109126922736227,59.861557392850564,54.11927083038396,113.98082822323452,99.2698150875995,high_income,5.742286562466603,21.853732740813612
Germany,DEU,2021,76446.44563854551,2.156992280339831,35.55153103710268,41.80549741179895,77.35702844890163,94.31054719555448,high_income,-6.253966374696276,20.028589065550563
Germany,DEU,2022,75931.65473451425,2.467660986759221,47.768395305809555,61.288128601265875,109.05652390707543,82.77480282835614,high_income,-13.51973329545632,-0.6734007052012658
India,IND,2000,3596.518585176977,6.892104010183945,22.36088698876604,20.726936227004714,43.087823215770754,85.78476631534063,low_income,1.6339507617613265,
India,IND,2001,2054.6577187321213,6.054444819282903,19.569265659798074,14.533173269237327,34.1024389290354,94.27884720357822,low_income,5.036092390560746,-42.870927257254365
India,IND,2002,2686.9144395923126,4.651137497120562,22.457310960461687,21.700856310537144,44.15816727099883,87.6801895146927,low_income,0.7564546499245424,30.771875777457545
India,IND,2003,1344.54927569351,5.433696098420324,17.145362166319508,22.368152394569975,39.51351456088948,85.91593862385785,low_income,-5.222790228250467,-49.95935650643496
India,IND,2004,4346.19480616345,7.477831746816738,20.97631732281286,24.87773020613533,45.854047528948186,103.1440289742186,low_income,-3.901412883322468,223.24548342950914
India,IND,2005,2437.0019196476924,2.502850189228152,24.143324813081623,19.247861254245056,43.39118606732668,80.61425573090119,low_income,4.895463558836568,-43.927917906677415
India,IND,2006,4329.559648888208,6.947413702551547,13.580893427301502,18.533230735307903,32.11412416260941,111.7928929383408,low_income,-4.952337308006401,77.65926296496785
India,IND,2007,4622.49098783157,6.561493731317541,27.97800359318035,36.1571442984802,64.13514789166055,84.10736977520847,low_income,-8.179140705299847,6.765846014353527
India,IND,2008,3556.226676437565,5.450140564136756,20.665280130072837,14.75930347574409,35.42458360581693,81.95417136763204,low_income,5.905976654328747,-23.06687701935779
India,IND,2009,2374.1198437396315,6.115878628088415,18.79165750228851,15.650692163775886,34.442349666064395,97.87069897386941,low_income,3.140965338512622,-33.24048043759977
India,IND,2010,3107.2349715802734,3.535376233158625,20.256222145625507,25.240344740496486,45.49656688612199,119.97963923258439,low_income,-4.984122594870978,30.87944906293627
India,IND,2011,1390.1563430009223,5.437459461101502,27.543683293755308,37.73015237217797,65.27383566593328,90.49329631667499,low_income,-10.186469078422661,-55.260662430884054
India,IND,2012,5150.4043229395475,6.715682253380164,21.095683294723308,16.262338321189695,37.358021615913,96.05638719849912,low_income,4.833344973533613,270.49101339360146
India,IND,2013,3647.291993345335,4.361494155861312,24.07631460497122,34.96751173247503,59.043826337446255,89.38477568971477,low_income,-10.891197127503812,-29.184355932978956
India,IND,2014,5340.94274405634,6.178733924905034,27.028813938043953,29.742137307415668,56.77095124545962,101.77067781081882,low_income,-2.7133233693717145,46.43584209328881
India,IND,2015,3407.6218162177815,6.490339272642997,31.485570885716466,23.838255364728678,55.323826250445144,115.92684865871095,low_income,7.647315520987789,-36.198121202292455
India,IND,2016,6513.491325548867,5.9072502549660335,23.983591244136477,22.56120179049276,46.54479303462924,86.89113547721078,low_income,1.4223894536437172,91.14478298470281
India,IND,2017,5057.734482119254,4.951694001311248,30.08623587249861,20.50428061230178,50.59051648480039,90.06755006895143,low_income,9.581955260196828,-22.349869995519533
India,IND,2018,5699.4763956721745,7.760281497667201,27.486166844419536,29.915903947101476,57.40207079152101,98.73583136649071,low_income,-2.4297371026819405,12.688327467993599
India,IND,2019,5782.870231462355,4.864873278642281,25.73418892054212,27.43542969052209,53.16961861106421,109.25920100089098,low_income,-1.701240769979968,1.4631841593993666
India,IND,2020,7258.286593145833,4.5016932237735645,24.046949567584964,30.882181121793426,54.92913068937839,96.85152960886764,low_income,-6.8352315542084625,25.51356510917899
India,IND,2021,5119.644569098396,3.707609040373816,19.60072963509904,24.943121692273667,44.54385132737271,82.03726812789888,low_income,-5.342392057174628,-29.464833009859458
India,IND,2022,4072.787633339407,2.961110067134098,35.98366548758122,27.82894946018335,63.812614947764565,100.06633875911966,low_income,8.154716027397871,-20.447844017877735
Indonesia,IDN,2000,4796.661362942831,8.647832241269626,28.847486539432527,19.864558211326962,48.71204475075949,108.45560037169281,low_income,8.982928328105565,
Indonesia,IDN,2001,2839.2662457344263,4.664580066406771,23.586871395867853,34.97586481070877,58.56273620657662,106.13390139216405,low_income,-11.388993414840918,-40.8074485376535
Indonesia,IDN,2002,4955.226186065405,6.160161316149939,20.76433632110853,18.988695514072788,39.75303183518132,99.26036789930774,low_income,1.7756408070357423,74.52488626277626
Indonesia,IDN,2003,1931.8053141013625,5.836880109355031,25.09122867693624,17.92317034480495,43.01439902174119,107.71003456988262,low_income,7.168058332131288,-61.01479041393119
Indonesia,IDN,2004,2779.689583669459,9.559676734020407,17.361884585566752,26.00815873632114,43.37004332188789,111.2061685505185,low_income,-8.646274150754387,43.89077219008042
Indonesia,IDN,2005,1456.8828565482754,8.79337110457412,20.210682729192566,19.51668879678402,39.72737152597659,102.98661495592953,low_income,0.6939939324085458,-47.588289530334926
Indonesia,IDN,2006,2180.5951803583876,7.45726251688898,26.301782631510697,29.469858057137515,55.77164068864821,85.12082679606584,low_income,-3.1680754256268173,49.67539569548989
Indonesia,IDN,2007,4942.5485637208385,7.776953518470911,33.36231314323529,29.688288543436204,63.0506016866715,90.17187757317323,low_income,3.674024599799086,126.66052865935966
Indonesia,IDN,2008,3285.6919058321114,4.309947032573328,28.393366674780953,33.151963086607175,61.54532976138813,104.62300639697142,low_income,-4.758596411826222,-33.52231417715026
Indonesia,IDN,2009,3361.643161446748,7.07217231487896,25.998086022897155,38.425857393272395,64.42394341616955,103.36938351135299,low_income,-12.42777137037524,2.3115756982516444
Indonesia,IDN,2010,2126.69402737751,4.6233117581802965,34.52313952355004,29.56980822469575,64.09294774824579,87.36208705340457,low_income,4.953331298854295,-36.73647305080869
Indonesia,IDN,2011,5795.157601890942,3.4941297774313513,32.057120268168795,21.45246536476097,53.50958563292977,101.91118206286481,low_income,10.604654903407823,172.49606794810651
Indonesia,IDN,2012,2314.9335685228534,8.127641110775354,27.269229973860178,21.096667922157046,48.36589789601722,99.50085041470587,low_income,6.172562051703132,-60.0540015034708
Indonesia,IDN,2013,3688.4050061016787,5.832613098709642,16.535857302280668,23.703004951909914,40.238862254190586,114.98612190722804,low_income,-7.167147649629246,59.33092233204904
Indonesia,IDN,2014,1821.499692847567,7.887648112348142,26.733509613596308,27.35493355878495,54.08844317238126,92.5671649864265,low_income,-0.6214239451886421,-50.615518365410395
Indonesia,IDN,2015,5735.169781651632,3.213534185391237,30.975548710881007,33.023323043732994,63.998871754614,100.80587849444947,low_income,-2.0477743328519864,214.85977209723205
Indonesia,IDN,2016,2880.572066156397,5.934382924594006,26.90282518241836,24.347130404336603,51.249955586754965,81.06634587522377,low_income,2.555694778081758,-49.773552033766634
Indonesia,IDN,2017,5520.045153514003,4.612343320525933,21.79233293844689,32.680141568746336,54.472474507193226,92.44555443201988,low_income,-10.887808630299446,91.63017021405425
Indonesia,IDN,2018,3545.4450799581614,6.69936683514555,26.513731254796006,19.89240349399745,46.406134748793455,80.85110754760456,low_income,6.6213277607985574,-35.771447853081995
Indonesia,IDN,2019,4454.384302116845,5.985275706975227,25.063722897314406,31.78431554299506,56.848038440309466,86.12737364866963,low_income,-6.720592645680654,25.636815735682173
Indonesia,IDN,2020,6568.123548796022,3.052882060009346,22.9274313321347,20.06202653875931,42.98945787089401,115.9900590494423,low_income,2.86540479337539,47.453005922157864
Indonesia,IDN,2021,6994.612741414093,6.681965541553989,19.052705831296283,22.53465251181773,41.58735834311401,110.29444571415179,low_income,-3.481946680521446,6.493318669321457
Indonesia,IDN,2022,5121.741082644609,3.6377257266329637,22.991004149012607,31.297084053756794,54.2880882027694,116.50323477024776,low_income,-8.306079904744188,-26.775916380337694
Japan,JPN,2000,46849.196883057164,0.28083569269438224,41.366959128760776,28.694920020649086,70.06187914940986,97.85040446138777,high_income,12.67203910811169,
Japan,JPN,2001,45694.46420498038,0.9962334657180256,25.75856815423019,37.400739936588046,63.15930809081823,106.39419314227656,high_income,-11.642171782357856,-2.4647864956130916
Japan,JPN,2002,41515.380870564346,1.211572549672987,39.77457040384121,30.7019762204159,70.47654662425711,95.54359025236595,high_income,9.07259418342531,-9.145710333026603
Japan,JPN,2003,58973.73099191306,0.8687276624241891,29.59532513067425,37.78125662963519,67.37658176030943,116.22986842288326,high_income,-8.185931498960937,42.05272782099707
Japan,JPN,2004,42805.2756973028,1.7630865964938125,35.047315321027945,47.11190710353023,82.15922242455818,96.86576705500137,high_income,-12.064591782502283,-27.416368309523097
Japan,JPN,2005,41160.21189351513,0.9152357484482314,35.27622808911501,35.2790637186072,70.55529180772221,118.66659879710903,high_income,-0.0028356294921891845,-3.8431332983829503
Japan,JPN,2006,41269.59988080855,2.028320548465845,49.89698201395131,35.99668712023436,85.89366913418567,88.67370983905174,high_income,13.900294893716946,0.26576147755608126
Japan,JPN,2007,38279.396115000025,1.699168639103644,45.56868771205614,43.42873895723397,88.9974266692901,88.83808688812763,high_income,2.1399487548221714,-7.2455361196730355
Japan,JPN,2008,42701.14066784085,3.5346049420768906,41.12771962913354,47.407482889458365,88.5352025185919,91.02506370863233,high_income,-6.2797632603248275,11.551239051830642
Japan,JPN,2009,54989.74183995264,0.9197139758830477,37.46641485491474,39.71574067595365,77.18215553086839,106.52397283453689,high_income,-2.2493258210389087,28.778156695393854
Japan,JPN,2010,49352.560544731015,3.1725890310398563,35.772543749356906,30.524779225552116,66.29732297490902,98.4002720899216,high_income,5.24776452380479,-10.251332533308876
Japan,JPN,2011,69764.59688681166,1.7476724060904703,54.174050946520964,43.796677072904686,97.97072801942565,101.36206136270258,high_income,10.377373873616278,41.35962980802195
Japan,JPN,2012,43197.48723760385,1.1604145442938063,41.38740111171816,38.01928207718534,79.4066831889035,117.52207421818957,high_income,3.3681190345328247,-38.081076698989826
Japan,JPN,2013,49250.65026567901,2.6000120519605847,44.20909834114421,46.29071714305091,90.49981548419512,92.06127271039122,high_income,-2.0816188019067,14.012766517599262
Japan,JPN,2014,49389.39059198996,2.7403537091746184,41.8630232506792,30.059969319823654,71.92299257050286,119.4082281892368,high_income,11.803053930855544,0.281702526895633
Japan,JPN,2015,50955.358213959036,0.8214082898160837,30.974086052887092,38.95561580437803,69.92970185726512,90.12859794120305,high_income,-7.981529751490935,3.1706558902612647
Japan,JPN,2016,73121.80521676008,2.587144997936688,46.300870385177724,52.59642093678453,98.89729132196226,87.58705242625607,high_income,-6.295550551606809,43.50169987957935
Japan,JPN,2017,74093.36662800213,1.3583967471562284,37.159601262381166,45.335616586673474,82.49521784905464,101.21004090974557,high_income,-8.176015324292308,1.328689039284492
Japan,JPN,2018,72776.07552384025,4.306329649097716,62.61627192022844,44.94639032581914,107.56266224604758,103.56303121960845,high_income,17.669881594409304,-1.7778799427154546
Japan,JPN,2019,63852.57701492705,2.448455894539289,48.92248197444658,37.82867031621073,86.75115229065732,83.66208877389965,high_income,11.09381165823585,-12.26158245643516
Japan,JPN,2020,88348.33231932431,1.556022124609518,40.68278964155426,51.28341173764254,91.96620137919679,80.17633962119105,high_income,-10.60062209608828,38.36298619344809
Japan,JPN,2021,69255.03645483026,3.8549403172903287,41.11941532142223,37.73160450432649,78.85101982574872,101.04971621201301,high_income,3.3878108170957404,-21.611382312779437
Japan,JPN,2022,48778.69910172713,0.15351835089232724,46.810332511049616,61.18861049278207,107.99894300383168,97.22892970834107,high_income,-14.378277981732452,-29.566567864646597
Kenya,KEN,2000,3105.2908052315374,3.5531627215074115,26.52003694533836,29.82117897792115,56.34121592325951,119.49955260989591,low_income,-3.3011420325827885,
Kenya,KEN,2001,3460.8278110689166,4.410954732798935,24.824243206269298,19.29004433680853,44.11428754307783,87.2088853572119,low_income,5.5341988694607664,11.449394859843709
Kenya,KEN,2002,2049.9863609829927,7.106301865649165,20.56363939462442,24.770696073670415,45.33433546829483,101.03248634767256,low_income,-4.207056679045994,-40.76601111368697
Kenya,KEN,2003,3845.8395894578857,6.188609150708331,29.810436942933705,26.421953923451014,56.23239086638472,111.60297430862838,low_income,3.388483019482692,87.60317935060604
Kenya,KEN,2004,1482.0163182302815,5.95206584492618,26.980789515440357,29.300895126455984,56.28168464189634,98.86229020558781,low_income,-2.3201056110156273,-61.4644271099412
Kenya,KEN,2005,1780.8144409620622,4.236864185903373,20.526868349084104,19.623207384760498,40.1500757338446,84.695519588182,low_income,0.9036609643236062,20.16159465022518
Kenya,KEN,2006,1318.682879152255,4.5366511599414565,27.02546955693955,25.991201848665728,53.01667140560528,107.74572495284148,low_income,1.0342677082738234,-25.950573579139803
Kenya,KEN,2007,2788.9483943232863,6.195330226985327,23.481635466860364,19.386364670938047,42.86800013779841,89.70743073570004,low_income,4.095270795922318,111.49500296206352
Kenya,KEN,2008,1494.854556668785,4.069825051829856,26.673926382492226,31.32058739439455,57.99451377688678,119.42973233577565,low_income,-4.646661011902324,-46.40078103591091
Kenya,KEN,2009,2839.351362585692,5.522693419143279,17.84324294251855,16.875833028581553,34.719075971100104,86.88639140323924,low_income,0.9674099139369972,89.94164682569898
Kenya,KEN,2010,3650.5540522855827,6.318069398505395,28.778076445625025,19.76861556356068,48.546692009185705,118.39473291986019,low_income,9.009460882064346,28.570000190506818
Kenya,KEN,2011,5787.603469523441,6.375021924885699,22.179167248339127,19.98022369396412,42.15939094230325,109.01982868987174,low_income,2.198943554375006,58.54041295183314
Kenya,KEN,2012,4746.897735816213,7.868691427926084,18.750476390761026,18.29005724452095,37.040533635281975,113.34675343043429,low_income,0.46041914624007774,-17.981635044408485
Kenya,KEN,2013,5401.253529022892,3.53915538701828,24.73890531231282,27.633881955740176,52.372787268052996,116.55009734101401,low_income,-2.8949766434273556,13.784914477289956
Kenya,KEN,2014,4383.985934019128,7.192487492148593,19.515287310915447,24.537473172714147,44.05276048362959,97.77872845011049,low_income,-5.0221858617987,-18.833916785013262
Kenya,KEN,2015,4246.551155578406,5.154446608401981,24.28930383965433,27.028300784979525,51.31760462463385,117.76663269311237,low_income,-2.7389969453251943,-3.1349274497950996
Kenya,KEN,2016,6744.505420715785,3.7344453411120893,28.246846157173163,27.358825790350725,55.60567194752389,100.73225647943093,low_income,0.8880203668224382,58.82312901979259
Kenya,KEN,2017,2535.137230402686,3.9327389015768395,19.102335273118673,24.039020542191235,43.14135581530991,92.12805833065282,low_income,-4.936685269072562,-62.41181417667783
Kenya,KEN,2018,1932.1236327288539,5.085836153569018,27.842763092346427,40.95642318407352,68.79918627641995,119.72346049880186,low_income,-13.113660091727095,-23.786230995394607
Kenya,KEN,2019,2016.364034341359,6.428801131494291,30.936648765008165,29.463992516109748,60.40064128111791,113.09810595931638,low_income,1.4726562488984172,4.359990229689781
Kenya,KEN,2020,7078.617533688427,6.5784925535412775,29.58468591130943,40.829698352364794,70.41438426367422,84.28978528605393,low_income,-11.245012441055366,251.05850992827504
Kenya,KEN,2021,5194.31584245561,8.937747588153817,32.198395449652125,37.162981901393024,69.36137735104515,100.77493275337885,low_income,-4.9645864517408995,-26.61962851171267
Kenya,KEN,2022,3012.460826214465,6.548687944013423,33.4373154128423,34.5654601620515,68.0027755748938,102.0397368433003,low_income,-1.1281447492091985,-42.00466591591924
Mexico,MEX,2000,11164.830873518165,4.919620718775764,28.502843621287088,22.240091119210913,50.742934740498,91.5663206003166,middle_income,6.262752502076175,
Mexico,MEX,2001,11026.871710245387,5.559000052845379,22.300511054636825,20.110371539120724,42.41088259375755,93.1300953836494,middle_income,2.190139515516101,-1.2356583349596773
Mexico,MEX,2002,13530.820890162619,5.425613329162005,32.04161506200986,28.847557937474278,60.88917299948414,80.33448409280237,middle_income,3.1940571245355827,22.707702109118944
Mexico,MEX,2003,11849.501281067294,5.790705721194383,31.96997996387924,34.31119550175768,66.28117546563692,115.38762698195266,middle_income,-2.3412155378784405,-12.425850750250511
Mexico,MEX,2004,13441.247603009653,6.266706914922226,28.696090589685536,30.17465565356022,58.870746243245755,108.24736172932813,middle_income,-1.478565063874683,13.43302375506379
Mexico,MEX,2005,10996.777426983881,4.903956957827287,22.7258252503551,24.27255607142741,46.99838132178251,102.10935347290962,middle_income,-1.546730821072309,-18.18633394922675
Mexico,MEX,2006,15705.711907613471,6.133007412226062,39.211911352994484,28.58237331675955,67.79428466975403,86.52169558117058,middle_income,10.629538036234933,42.821040181051686
Mexico,MEX,2007,13765.00250936777,3.529257557387282,19.88960095593829,28.643882839177177,48.533483795115465,94.01877950399422,middle_income,-8.754281883238889,-12.356710791982161
Mexico,MEX,2008,10287.496089765622,3.3484416381434436,26.643510451358072,39.00064493581424,65.64415538717232,87.47201696647605,middle_income,-12.357134484456171,-25.26339110534511
Mexico,MEX,2009,10304.224260585996,5.06539922449304,26.841674582391306,40.04862516593427,66.89029974832557,99.32950754599788,middle_income,-13.206950583542962,0.16260682555218064
Mexico,MEX,2010,13675.375696148167,6.719129220899678,29.48567252752848,25.19791354696862,54.6835860744971,116.70194268282222,middle_income,4.2877589805598575,32.716207938689166
Mexico,MEX,2011,14092.185352945804,6.4326116999444345,23.119307957198505,34.60647899335919,57.7257869505577,111.79148707034604,middle_income,-11.487171036160685,3.0478845046651104
Mexico,MEX,2012,12730.173744183066,4.698930483223101,22.14107775986792,27.396817493748543,49.53789525361646,87.64616865001487,middle_income,-5.255739733880624,-9.665013442915193
Mexico,MEX,2013,16779.984644482774,3.257585306915172,44.2727601561405,31.940247231618677,76.21300738775918,98.14858788074314,middle_income,12.332512924521822,31.8126914972408
Mexico,MEX,2014,14156.558979178204,6.288490084731976,42.37698985624489,28.384244803006954,70.76123465925184,82.8179421484421,middle_income,13.992745053237936,-15.634255459030754
Mexico,MEX,2015,16783.218012562447,4.9999950315193695,25.089630868993787,22.27774376677359,47.367374635767376,110.92906667449971,middle_income,2.811887102220197,18.55436082488402
Mexico,MEX,2016,18202.412284974485,4.610442980278658,34.45386169190941,31.461118855104747,65.91498054701415,105.21491207646514,middle_income,2.9927428368046627,8.456031920396633
Mexico,MEX,2017,14254.221619596186,4.441709817107764,35.57726479123027,42.00723228824157,77.58449707947183,99.98343267467399,middle_income,-6.429967497011297,-21.69048038010547
Mexico,MEX,2018,14324.628545702348,2.941067415053607,25.543885877727664,23.903880145467564,49.44776602319523,81.0823419331864,middle_income,1.6400057322601,0.4939373610507669
Mexico,MEX,2019,12843.333388855785,5.092833563548901,29.576408679004523,25.602017035445186,55.17842571444971,115.80649636351143,middle_income,3.9743916435593363,-10.340897511726254
Mexico,MEX,2020,13266.704434710353,3.3477096028438464,41.44856427591745,31.167725389670085,72.61628966558753,101.03580314299292,middle_income,10.280838886247363,3.2964265042121355
Mexico,MEX,2021,22130.179779082497,5.741389631579997,32.98895795489593,35.2976180151832,68.28657597007913,87.24024186769368,middle_income,-2.3086600602872664,66.8099254640978
Mexico,MEX,2022,17368.065199211393,6.961452944446655,36.84243994378652,44.91638100521648,81.75882094900301,115.51767139463894,middle_income,-8.073941061429956,-21.518643894489585
Nigeria,NGA,2000,4762.849008346064,7.758117988749669,17.219973230164,15.455024721005488,32.67499795116949,92.01562508479144,low_income,1.764948509158513,
Nigeria,NGA,2001,3907.0183771541174,5.441023019502698,15.058836033130252,21.208659145700256,36.26749517883051,89.17282441009547,low_income,-6.1498231125700045,-17.968880174287538
Nigeria,NGA,2002,2463.6846389158454,6.359179647090128,32.25855373414818,23.432282633404416,55.69083636755259,90.76533291950076,low_income,8.826271100743764,-36.94207702420893
Nigeria,NGA,2003,4795.066481294934,5.68082747504414,18.319683013212103,26.425719974950436,44.74540298816254,88.07708429606727,low_income,-8.106036961738333,94.62988101452072
Nigeria,NGA,2004,1864.213222722774,8.362873264866188,29.225808065611744,28.45666936990566,57.682477435517406,100.84192904315682,low_income,0.7691386957060828,-61.12226535346528
Nigeria,NGA,2005,1587.1403703480134,6.704750560880272,20.436772956239793,14.512783716831132,34.94955667307092,107.52777438466612,low_income,5.923989239408661,-14.862723265640298
Nigeria,NGA,2006,2502.4086862073846,5.384320177887959,22.945491269944803,17.390400055715624,40.33589132566043,102.3462586331568,low_income,5.555091214229179,57.66776102221378
Nigeria,NGA,2007,5528.108065371599,6.533578670149057,33.750151277122306,27.41781666386161,61.16796794098392,94.80655675318705,low_income,6.332334613260695,120.91148004085301
Nigeria,NGA,2008,5684.077106387629,5.896660452012997,23.179285131392664,34.43284358881904,57.6121287202117,83.46092349277427,low_income,-11.253558457426376,2.8213819117073546
Nigeria,NGA,2009,5758.148219318427,7.706685318339494,24.2068359186264,29.428013854748574,53.634849773374974,118.32854449838526,low_income,-5.221177936122174,1.30313349985276
Nigeria,NGA,2010,2231.761458382223,4.4008959734731725,18.494522064554978,23.01361693943732,41.5081390039923,81.335387635069,low_income,-4.519094874882342,-61.24168094710163
Nigeria,NGA,2011,4981.842999128641,5.309666019587567,24.65753240901339,36.134260100352535,60.79179250936592,81.16801849389134,low_income,-11.476727691339146,123.22470801785062
Nigeria,NGA,2012,2328.317963097854,7.613416441626089,16.140540852228217,19.24062175721797,35.381162609446186,97.54894973525894,low_income,-3.1000809049897526,-53.26392334111909
Nigeria,NGA,2013,2367.545619024605,4.589816041413858,18.48322973870887,18.44885697822093,36.9320867169298,93.51805588103313,low_income,0.03437276048794047,1.6848066522047622
Nigeria,NGA,2014,1378.0263850719973,8.703194711704969,19.453660476048427,29.0928057850194,48.54646626106783,103.79552301970801,low_income,-9.639145308970974,-41.795149626737725
Nigeria,NGA,2015,1608.7332928963674,4.91681026501972,28.46047149012341,35.16746246490733,63.627933955030734,91.68507277902688,low_income,-6.7069909747839205,16.741835303270804
Nigeria,NGA,2016,5748.236564508542,8.121527540265438,20.205033713708307,16.118262536490302,36.32329625019861,90.35585380328965,low_income,4.086771177218004,257.3144529233558
Nigeria,NGA,2017,5309.763310823052,5.996022361586039,25.334761281908882,18.225927782065227,43.56068906397411,82.72442884393516,low_income,7.108833499843655,-7.627961180177667
Nigeria,NGA,2018,6271.815694478575,7.380177660931274,19.72361666228127,27.259697408213757,46.98331407049503,86.02570570193595,low_income,-7.5360807459324874,18.11855495883483
Nigeria,NGA,2019,1758.5522798347636,4.986626487708099,15.803103521671762,22.541419515733228,38.34452303740499,115.75435840244465,low_income,-6.738315994061466,-71.96103384570253
Nigeria,NGA,2020,5740.235534490493,7.656787300074905,24.201660833569736,21.305832843171434,45.50749367674117,95.49775788734097,low_income,2.8958279903983026,226.41824757293284
Nigeria,NGA,2021,3231.4493194606657,8.146115450103892,24.13901245209783,28.29523981325439,52.43425226535222,85.94178005864781,low_income,-4.15622736115656,-43.70528351938974
Nigeria,NGA,2022,6120.226308383013,3.9007114159529763,35.22097196571555,26.934484809042612,62.15545677475816,97.96601560219932,low_income,8.286487156672937,89.39570772548862
Pakistan,PAK,2000,4030.4902164975297,6.615555864098017,18.69750604116792,14.621566222559357,33.31907226372728,105.50987990295155,low_income,4.075939818608562,
Pakistan,PAK,2001,2903.1527772831946,3.6192154239036065,19.1028458665879,25.73409139033705,44.83693725692495,112.47010694526021,low_income,-6.6312455237491505,-27.97023137780953
Pakistan,PAK,2002,3258.3579540903115,9.687979586038017,23.558555742493475,20.04393904253037,43.60249478502384,82.25776909965643,low_income,3.5146166999631063,12.235152747955702
Pakistan,PAK,2003,3992.329782366174,6.777509098602675,29.931773748289388,28.047671049299638,57.979444797589025,85.05594321517573,low_income,1.88410269898975,22.525819404049408
Pakistan,PAK,2004,2585.7000997283103,7.556836463072977,13.909667380597774,18.96320458686387,32.87287196746165,107.64720271632078,low_income,-5.053537206266096,-35.23330384305533
Pakistan,PAK,2005,3498.039671939677,9.422674000351702,23.345983453586413,18.036955320215085,41.3829387738015,88.77058653768121,low_income,5.309028133371328,35.28404443760629
Pakistan,PAK,2006,1879.3641795740152,6.189782351286479,30.442989098463464,27.644218192567884,58.08720729103135,113.97638172236881,low_income,2.79877090589558,-46.273788869527024
Pakistan,PAK,2007,2297.177903445718,5.908394626369916,16.671340731701125,18.803389039095066,35.47472977079619,116.98065248333761,low_income,-2.1320483073939407,22.23165304589376
Pakistan,PAK,2008,3801.721061757015,6.172540992625904,17.16128958804927,16.94245524052333,34.1037448285726,101.32159267420447,low_income,0.21883434752594155,65.49528254013389
Pakistan,PAK,2009,1745.4537353358467,4.813238840625438,16.773112556211576,23.941864178863305,40.714976735074885,83.35137714423122,low_income,-7.16875162265173,-54.087801104240874
Pakistan,PAK,2010,4668.0472321524485,7.4944945394307805,34.36810213491338,23.54545844328134,57.91356057819472,115.06777635629645,low_income,10.822643691632038,167.44033013594935
Pakistan,PAK,2011,4015.616131458829,5.481524400353412,15.900530057677063,17.52660167984943,33.427131737526494,113.5587915329692,low_income,-1.6260716221723683,-13.976531689735749
Pakistan,PAK,2012,6302.3616474822975,2.980664784525177,34.36289164800143,27.19790661175133,61.56079825975276,114.69724491173811,low_income,7.164985036250101,56.94631760513222
Pakistan,PAK,2013,5200.137106992116,6.267453869691101,22.15273897707195,18.01468751510053,40.16742649217248,91.97085456661236,low_income,4.138051461971422,-17.48907159160732
Pakistan,PAK,2014,5114.277849009506,6.554975031664151,25.868779097197397,23.035849593213626,48.90462869041102,100.5329293728102,low_income,2.8329295039837703,-1.6510960425863308
Pakistan,PAK,2015,1684.0280675223737,6.455001338692646,30.75563922628908,22.46852083714818,53.22416006343726,103.99691394823385,low_income,8.2871183891409,-67.07202625198545
Pakistan,PAK,2016,5645.540948248398,5.343167258485391,30.031565925935798,34.13225005164124,64.16381597757704,97.87169105971728,low_income,-4.100684125705445,235.24031203080838
Pakistan,PAK,2017,2475.7280596489163,8.62281703283109,27.778533580948203,33.97343234371852,61.75196592466673,110.19110850112446,low_income,-6.194898762770318,-56.1471950634413
Pakistan,PAK,2018,3640.034964292284,6.752049720394888,17.844790167509757,18.40670910695593,36.25149927446569,111.76071192835585,low_income,-0.5619189394461728,47.0288689464738
Pakistan,PAK,2019,6212.852979099797,6.945857726523625,17.65418154260712,18.24095753166481,35.89513907427193,84.19195395702938,low_income,-0.586775989057692,70.68113466068684
Pakistan,PAK,2020,4069.9529766292226,6.897128300618887,29.368900732074238,34.46507293078775,63.833973662861986,98.04538915611315,low_income,-5.096172198713511,-34.49140048347108
Pakistan,PAK,2021,3300.1778204583666,6.839541856875613,43.33024094336376,29.25954358200707,72.58978452537083,107.90714347051244,low_income,14.070697361356693,-18.91361302184852
Pakistan,PAK,2022,4614.555205687219,5.68159501478013,32.09342577120921,32.875232939137064,64.96865871034628,111.86444041219929,low_income,-0.7818071679278518,39.82747163140128
Russia,RUS,2000,10253.249623198615,5.843195621519868,22.818545555486562,27.351856393571673,50.17040194905823,107.37973394541336,middle_income,-4.533310838085111,
Russia,RUS,2001,11723.41505324935,4.095240776156393,31.257171438643205,31.907652044545024,63.16482348318823,91.46569903365065,middle_income,-0.6504806059018193,14.338531529793187
Russia,RUS,2002,11815.396043798726,4.623555489674072,29.165028310424617,35.4283570716689,64.59338538209352,107.52828917065617,middle_income,-6.263328761244281,0.7845921186922622
Russia,RUS,2003,12070.217651752491,4.78705630903081,32.46507920255465,23.695368971088,56.16044817364265,110.17927279854757,middle_income,8.769710231466647,2.156691210427164
Russia,RUS,2004,11299.801770727001,4.987642711791611,22.666071859775286,25.776853353104855,48.44292521288014,100.21507213318617,middle_income,-3.1107814933295685,-6.382783668475378
Russia,RUS,2005,12271.755315552224,2.9887584636310085,42.48063186881564,29.906279290686108,72.38691115950175,99.55026040344181,middle_income,12.574352578129535,8.601509695003173
Russia,RUS,2006,11164.987195752645,3.9755972398822736,23.495643462134783,27.512183166790845,51.00782662892563,108.71509770831501,middle_income,-4.016539704656061,-9.018824865233022
Russia,RUS,2007,16103.413055405259,3.8530775504298576,33.72045865096979,40.46724862163407,74.18770727260386,97.41409438445336,middle_income,-6.746789970664281,44.2313616045281
Russia,RUS,2008,17326.81472608398,3.863174039273195,36.748591157432045,26.02531617391741,62.773907331349456,106.44838938386933,middle_income,10.723274983514635,7.597157611678318
Russia,RUS,2009,11305.052404944976,6.203368334744244,26.0550365354631,18.67795963202384,44.73299616748694,86.78013291969452,middle_income,7.37707690343926,-34.75400652881557
Russia,RUS,2010,13639.567273172886,4.605028606230354,37.36848366458803,39.438903481259075,76.8073871458471,101.28807138101675,middle_income,-2.0704198166710484,20.650190592719085
Russia,RUS,2011,11346.011487473277,7.50224144913134,34.80919443483052,33.4934511590749,68.30264559390542,117.33203662198079,middle_income,1.3157432757556222,-16.815458582844567
Russia,RUS,2012,15658.303143069576,4.665828015555849,24.443223982625344,25.2976423672446,49.74086634986994,99.1676024770525,middle_income,-0.8544183846192546,38.007115190720064
Russia,RUS,2013,15906.223122321147,5.785122485833979,24.140331848674673,28.84451064588196,52.98484249455663,84.9970389764177,middle_income,-4.7041787972072875,1.583313191642377
Russia,RUS,2014,13215.13242874352,2.6040474353771876,25.65455481569578,29.394761433980115,55.0493162496759,109.10419760570005,middle_income,-3.7402066182843363,-16.91847695636326
Russia,RUS,2015,11005.028704309118,2.2514767458516127,30.192776631571693,37.05007097251993,67.24284760409162,83.78138529776432,middle_income,-6.85729434094824,-16.724037661759073
Russia,RUS,2016,12218.48459719563,5.922016530624164,45.76604944559524,31.68233890618912,77.44838835178436,113.09482654148638,middle_income,14.083710539406123,11.02637644562774
Russia,RUS,2017,19205.00975554093,5.37641789714743,28.036831894150016,21.343865772514373,49.38069766666439,102.90237445841166,middle_income,6.692966121635642,57.1799645264425
Russia,RUS,2018,14593.212352719656,3.207727634380982,29.56239431708013,23.09841491111658,52.66080922819671,103.60766436296039,middle_income,6.463979405963549,-24.013512419543037
Russia,RUS,2019,18266.100335545252,5.126059400927472,28.396626702514165,25.037933728404358,53.43456043091852,119.44193417831413,middle_income,3.3586929741098075,25.168468011370358
Russia,RUS,2020,22282.432959015383,5.133439367221873,29.595203474136962,20.970505299937717,50.56570877407468,81.43229817362689,middle_income,8.624698174199246,21.987904093872057
Russia,RUS,2021,18226.277254346496,4.2625098301485025,24.490474970407565,24.0752360809083,48.565711051315866,103.89788266624149,middle_income,0.415238889499264,-18.203378922442948
Russia,RUS,2022,13398.355485833765,5.15834128334825,26.490417742130422,27.36522079363635,53.85563853576677,87.15313695023633,middle_income,-0.8748030515059284,-26.48879802023969
South Africa,ZAF,2000,12800.623761451243,7.252992002297678,34.49932429076995,28.186927321580704,62.68625161235065,98.60385948189122,middle_income,6.312396969189244,
South Africa,ZAF,2001,8308.417268758905,6.238725351378903,22.512420948185035,33.612474625373366,56.124895573558405,93.55655646596352,middle_income,-11.100053677188331,-35.093653062599216
South Africa,ZAF,2002,10071.376511468829,4.607985903476868,18.623670920610394,26.19528926442856,44.818960185038954,104.77879113476435,middle_income,-7.571618343818166,21.21895405204257
South Africa,ZAF,2003,14856.218794527234,4.422909016185713,31.319822037130553,34.50180779185285,65.8216298289834,98.23684453985167,middle_income,-3.1819857547222945,47.50931789323578
South Africa,ZAF,2004,10728.766306685018,5.200423431712531,28.466167677666053,22.39003741354161,50.85620509120766,113.29496277697943,middle_income,6.076130264124444,-27.78265819134742
South Africa,ZAF,2005,14319.222517926342,6.245389437192197,25.222000849575682,23.190061401614994,48.412062251190676,117.07872819921519,middle_income,2.0319394479606885,33.465695016622156
South Africa,ZAF,2006,13095.838219300935,5.609127797572484,31.095741472143832,20.966318677047997,52.06206014919183,108.57915619755943,middle_income,10.129422795095834,-8.543650307087859
South Africa,ZAF,2007,11304.18116368886,4.474715706776193,28.04866250420431,29.083684441813002,57.13234694601731,102.14976186711337,middle_income,-1.0350219376086933,-13.681117814753485
South Africa,ZAF,2008,13605.412437619292,1.3816725884370977,30.159495644317712,40.61180686571522,70.77130251003292,96.7861093214256,middle_income,-10.452311221397505,20.357346017440147
South Africa,ZAF,2009,17832.68234545115,6.715338180950322,26.780910323447074,24.6176302929549,51.398540616401974,118.98506927913974,middle_income,2.1632800304921744,31.07050173755377
South Africa,ZAF,2010,16702.918106848418,3.3544356388257746,27.720086609236645,20.63468587881379,48.354772488050436,109.15391021236782,middle_income,7.085400730422855,-6.33535783746475
South Africa,ZAF,2011,10859.376251989059,5.301831088457293,27.702593354523923,29.161490156691055,56.86408351121498,104.49595044033948,middle_income,-1.458896802167132,-34.98515539307727
South Africa,ZAF,2012,17090.398591226163,4.136533563638491,31.400071494957082,29.366440743507845,60.76651223846493,103.32265046059861,middle_income,2.0336307514492376,57.37919190428455
South Africa,ZAF,2013,11339.455978573746,1.7924919735772775,27.12081977260301,38.6268698202788,65.74768959288181,93.13962695855369,middle_income,-11.506050047675789,-33.6501374263139
South Africa,ZAF,2014,17970.036486936864,5.9737929451645035,32.02608937067733,43.431726531354784,75.45781590203211,99.96832654514373,middle_income,-11.40563716067745,58.473532776985124
South Africa,ZAF,2015,14759.973652699595,5.064968493499495,29.72093522056718,22.435960598298696,52.15689581886588,119.19446412008828,middle_income,7.284974622268486,-17.863418566627796
South Africa,ZAF,2016,13042.734549167277,5.075622094653546,27.755494197443692,34.9394594219895,62.694953619433186,90.44053985768907,middle_income,-7.183965224545805,-11.63443203855744
South Africa,ZAF,2017,14473.019960123172,4.60928656346889,33.90924313382457,47.515563970386644,81.42480710421121,96.12955589002819,middle_income,-13.606320836562077,10.96614675062304
South Africa,ZAF,2018,15405.616361237924,4.903532279903786,47.13092757009771,32.852639988647695,79.9835675587454,101.37773062779439,middle_income,14.278287581450016,6.443689041294021
South Africa,ZAF,2019,12173.828670989786,7.157437795249318,32.81196751091203,30.21555776206005,63.02752527297208,96.87175024913451,middle_income,2.5964097488519755,-20.977983707160462
South Africa,ZAF,2020,20536.628356108195,3.559058670628572,37.120635652106124,36.62147590859529,73.74211156070142,98.97672513161835,middle_income,0.49915974351083037,68.69490208160187
South Africa,ZAF,2021,16512.701161216926,6.184197796072137,32.683786836560685,48.42097893788785,81.10476577444854,113.27718940148122,middle_income,-15.737192101327167,-19.593903756331233
South Africa,ZAF,2022,12687.004252889943,5.62923747523468,29.180805537996644,42.00724929549543,71.18805483349207,109.9552178228571,middle_income,-12.826443757498783,-23.16820773885454
South Korea,KOR,2000,50471.80601930857,2.995447320002799,53.444969686531195,39.86751907959969,93.31248876613088,80.93589983641778,high_income,13.577450606931507,
South Korea,KOR,2001,42944.71509515708,1.2838947619630408,30.4653777362183,32.05171567868621,62.51709341490451,82.55933855632772,high_income,-1.5863379424679067,-14.91345667573677
South Korea,KOR,2002,38662.92962566042,4.197771616810895,41.24094986714614,42.99334080212431,84.23429066927045,106.33687503473693,high_income,-1.7523909349781661,-9.970459601394632
South Korea,KOR,2003,63421.80936709389,1.0178328153393363,29.808443267596843,37.42319274746897,67.23163601506582,114.42227027833803,high_income,-7.614749479872124,64.03777463620115
South Korea,KOR,2004,44408.5876351701,3.738215695042631,39.35086715101327,47.70755752820535,87.05842467921862,113.01128535681603,high_income,-8.35669037719208,-29.978996060917673
South Korea,KOR,2005,58078.596616427894,3.998223350049489,37.41700929371598,25.870937829163804,63.287947122879785,106.23420207867647,high_income,11.546071464552174,30.782354740846586
South Korea,KOR,2006,55304.909681568846,2.600431981394801,52.66202645308946,37.53503447022441,90.19706092331387,107.09056733725798,high_income,15.12699198286505,-4.775747170988797
South Korea,KOR,2007,66574.30930424725,5.110633613969961,35.88008773447352,42.08020134933399,77.96028908380751,113.9411834546841,high_income,-6.20011361486047,20.376852050866077
South Korea,KOR,2008,63636.9064282912,2.7001461662995387,34.99353315995234,42.946054363796385,77.93958752374873,109.79714129371503,high_income,-7.952521203844043,-4.412216824559156
South Korea,KOR,2009,68908.08029015471,3.9503197711882225,41.708860120664376,59.71331426335806,101.42217438402244,88.7194460190141,high_income,-18.00445414269368,8.283202559199342
South Korea,KOR,2010,44825.9002773726,1.7176407362354773,29.700928452488245,37.11424205414783,66.81517050663608,109.52798414006098,high_income,-7.413313601659585,-34.948267186341674
South Korea,KOR,2011,50988.0301148445,3.50603236608425,37.24405151658524,42.021506734711615,79.26555825129685,110.63662157461106,high_income,-4.777455218126377,13.746806643797505
South Korea,KOR,2012,59863.270372024264,1.230848251931119,50.20588708686207,38.47895153256825,88.68483861943032,99.06001081375457,high_income,11.726935554293817,17.406517249615906
South Korea,KOR,2013,52224.07247789709,0.9067111042567197,34.85394589003772,35.082478864309145,69.93642475434686,97.93159991963455,high_income,-0.22853297427142394,-12.761076778219548
South Korea,KOR,2014,41602.68343530782,2.0835135311905897,41.29778706961246,29.814088721293366,71.11187579090583,99.6098298739324,high_income,11.483698348319095,-20.33810949363357
South Korea,KOR,2015,79104.79722064408,4.64041094386986,61.0567136149467,42.84643279319219,103.9031464081389,105.95091719584458,high_income,18.21028082175451,90.14349721851967
South Korea,KOR,2016,42483.54501428516,3.165649880430877,44.34847584924744,57.687743487696174,102.03621933694362,95.8794781469155,high_income,-13.339267638448732,-46.29460347924616
South Korea,KOR,2017,84002.80450423372,2.006426007880384,59.937093564672104,56.36508296754119,116.3021765322133,101.26373911067407,high_income,3.5720105971309124,97.73021407697414
South Korea,KOR,2018,61135.31648629158,4.843932566158175,63.54233809383832,53.381195880401414,116.92353397423973,108.23057427567323,high_income,10.161142213436904,-27.222291151945555
South Korea,KOR,2019,59498.573197938305,3.7140530111594123,67.72940527270971,45.7328935169621,113.4622987896718,117.00771374815704,high_income,21.996511755747612,-2.6772467739171413
South Korea,KOR,2020,52815.89949678171,1.6411905035441587,31.340581839713856,42.96535039860577,74.30593223831963,95.19656969607954,high_income,-11.624768558891915,-11.231653705249112
South Korea,KOR,2021,55665.608621435946,3.7437190882761837,43.33159914646166,59.84101092539608,103.17261007185773,101.83497323674588,high_income,-16.509411778934414,5.395551627077522
South Korea,KOR,2022,91362.18107892267,3.5297546564956117,50.24456754959648,61.18071613779621,111.42528368739269,88.89474623356575,high_income,-10.936148588199728,64.12679811020791
Thailand,THA,2000,13431.00738323253,6.077694220505901,38.00697770795458,25.683501211202834,63.690478919157414,90.41174161532703,middle_income,12.323476496751748,
Thailand,THA,2001,13416.08082999555,4.871653290652382,30.570165978610316,24.112254000844626,54.68241997945494,91.17253027645049,middle_income,6.45791197776569,-0.11113502368865769
Thailand,THA,2002,10259.900636472654,4.543392545875703,36.21988802733267,29.17338056529242,65.39326859262509,81.32941236466804,middle_income,7.046507462040253,-23.525351654607928
Thailand,THA,2003,10127.436548366622,3.871781274286701,22.43760802676058,25.8908648073689,48.32847283412948,107.40277128644182,middle_income,-3.4532567806083208,-1.291085487077115
Thailand,THA,2004,11213.498241741016,5.823505066659524,18.899926718361154,23.32946623077493,42.229392949136084,92.22073594101138,middle_income,-4.4295395124137755,10.723954558368032
Thailand,THA,2005,10878.215490324397,5.1605101970772065,26.911139387729257,37.71708739014314,64.6282267778724,119.89979291935009,middle_income,-10.805948002413885,-2.989992455419177
Thailand,THA,2006,13405.597129478238,4.9275640186831255,24.171718976331405,25.01690595676817,49.188624933099575,86.71580928802724,middle_income,-0.8451869804367647,23.233421340125272
Thailand,THA,2007,13815.24853140836,4.7678130575189765,29.653075055733893,29.37230002677073,59.025375082504624,107.31611503479688,middle_income,0.28077502896316275,3.055823608403996
Thailand,THA,2008,12999.694630911545,5.276902763400114,30.38362552685186,24.82520519944771,55.20883072629957,82.9630140186708,middle_income,5.55842032740415,-5.9032879404426915
Thailand,THA,2009,10164.548487095422,5.5144361047542105,33.18144511771739,24.858148297811667,58.039593415529055,93.3002790756637,middle_income,8.323296819905721,-21.809328790497297
Thailand,THA,2010,17282.839358229772,5.058866016374642,20.345041876089976,29.330778411727163,49.67582028781714,83.77982671918733,middle_income,-8.985736535637187,70.03056633722096
Thailand,THA,2011,17496.057165558992,1.7340314170570608,25.59669446678167,22.99776870159088,48.59446316837255,88.15117414549721,middle_income,2.598925765190792,1.2336966334625332
Thailand,THA,2012,15570.245084458793,7.426403061112341,22.606151121183206,23.03231133360354,45.63846245478675,80.61159424099007,middle_income,-0.42616021242033497,-11.007120420772075
Thailand,THA,2013,16287.298375279484,5.67810320012176,27.10609442861793,30.510742627502605,57.61683705612053,84.94373057682839,middle_income,-3.4046481988846757,4.6052794090981175
Thailand,THA,2014,15070.58912385875,5.493354455097556,27.147042825850185,39.14173345028922,66.28877627613942,100.65980625910353,middle_income,-11.994690624439038,-7.470295093675139
Thailand,THA,2015,13498.643972685028,3.5460625562257895,28.49896844297435,25.814998121066754,54.3139665640411,101.86619521152207,middle_income,2.6839703219075943,-10.430548787805005
Thailand,THA,2016,11589.617336060654,3.3962870545930026,36.10171082868987,26.274662998874778,62.37637382756464,119.02050260691865,middle_income,9.82704782981509,-14.142358599036731
Thailand,THA,2017,18825.257045377683,3.8645380754952625,23.282022150411812,28.01655656061894,51.29857871103076,89.06231179014125,middle_income,-4.734534410207129,62.43208467982468
Thailand,THA,2018,13963.835941472891,3.3627692959183038,32.58488227868472,38.26183995732753,70.84672223601224,112.07239051933809,middle_income,-5.676957678642815,-25.82392948041289
Thailand,THA,2019,15583.492483270591,6.2583126169218355,24.42230065374144,30.900736022176595,55.32303667591803,103.86765556214715,middle_income,-6.478435368435154,11.598937058457448
Thailand,THA,2020,18444.221987825927,5.089083762938763,32.82989271636756,36.56178779119477,69.39168050756233,96.07395515335573,middle_income,-3.7318950748272073,18.35743500775855
Thailand,THA,2021,19306.638475524876,3.369269514561849,24.68075744913769,31.661649642661146,56.34240709179883,119.39656274339653,middle_income,-6.980892193523456,4.675808436203943
Thailand,THA,2022,15147.30596855148,5.692768908481381,26.332463301109474,29.91365566453976,56.24611896564924,119.98512989131854,middle_income,-3.5811923634302865,-21.543535464478726
Turkey,TUR,2000,13085.532474917767,3.1546911223627325,23.40505338373664,28.135030617462814,51.54008400119945,87.34976852960891,middle_income,-4.729977233726174,
Turkey,TUR,2001,10295.615272137922,6.206958135032588,23.279988005214573,33.907656409500426,57.187644414715,101.61583670170617,middle_income,-10.627668404285853,-21.32062419414368
Turkey,TUR,2002,11408.74926075906,4.603727295597562,26.41872617323956,34.41376058016843,60.83248675340799,102.77618221226152,middle_income,-7.99503440692887,10.811728674764186
Turkey,TUR,2003,13223.254987441014,4.477347737863914,22.257088452968233,32.45988197110522,54.71697042407345,88.70842192606274,middle_income,-10.202793518136986,15.904510522665571
Turkey,TUR,2004,11143.993795520188,5.7205603974729975,38.90238792025421,30.668773479651023,69.57116139990524,83.83019350523784,middle_income,8.23361444060319,-15.724276616427924
Turkey,TUR,2005,13327.749393217473,4.224707094135217,26.776364554295334,31.194118574514757,57.97048312881009,90.60985778499845,middle_income,-4.417754020219423,19.595807730753954
Turkey,TUR,2006,10250.424585636845,5.223472242429244,25.030808315563213,18.348265976550493,43.37907429211371,96.78923098235389,middle_income,6.68254233901272,-23.089605880094698
Turkey,TUR,2007,10137.594647728205,2.937866420173078,37.784794706181565,30.08089518566837,67.86568989184994,90.22994328081629,middle_income,7.703899520513193,-1.1007342863313285
Turkey,TUR,2008,13940.790855428275,4.948740730543632,18.941017234154344,27.203197478190603,46.14421471234495,93.65246036066463,middle_income,-8.262180244036259,37.51576522693527
Turkey,TUR,2009,15719.738589588855,5.872090784391502,32.059041018447296,34.570192455529174,66.62923347397647,82.03131673422183,middle_income,-2.511151437081878,12.760737555056934
Turkey,TUR,2010,12518.163206908002,5.513868209139517,27.352812629473107,20.89171019725478,48.24452282672789,100.60815457255643,middle_income,6.4611024322183255,-20.36659429439398
Turkey,TUR,2011,15626.19645644659,3.3266334413015057,38.48327225387306,28.42877450292149,66.91204675679455,110.59316218484071,middle_income,10.054497750951569,24.82818923325314
Turkey,TUR,2012,12482.79874318464,4.234627373643897,26.269239753365593,32.67368368159304,58.94292343495863,106.00837835359638,middle_income,-6.4044439282274475,-20.116205002434494
Turkey,TUR,2013,10760.207912062964,5.456168331825898,43.51036231579462,34.87112060786771,78.38148292366233,114.44259760649865,middle_income,8.639241707926914,-13.79971644629916
Turkey,TUR,2014,15069.976038494735,4.666718756109091,24.158460310500015,29.836960034170577,53.99542034467059,107.5489998831789,middle_income,-5.678499723670562,40.05283319479553
Turkey,TUR,2015,14932.484022151524,2.5959593023220013,28.97392209155611,24.90604657812742,53.87996866968353,99.89528623821789,middle_income,4.067875513428689,-0.9123572326326324
Turkey,TUR,2016,19059.956373598874,4.161465368234573,28.578674638500114,34.8568769111091,63.435551549609215,87.87932913514541,middle_income,-6.278202272608983,27.640895816961674
Turkey,TUR,2017,12828.937305332876,2.421587527415645,34.69943313741539,37.51732536113095,72.21675849854634,84.80832094101918,middle_income,-2.8178922237155604,-32.691675395946696
Turkey,TUR,2018,18646.948342617186,5.599838632956384,28.82410772119126,24.648918998131613,53.473026719322874,108.81450146780004,middle_income,4.175188723059648,45.35068571007681
Turkey,TUR,2019,19011.456974982288,7.401571741946231,32.56467109625779,25.218656634861265,57.78332773111905,84.32740096643997,middle_income,7.346014461396525,1.954789736463347
Turkey,TUR,2020,12490.152789095979,3.6579472393049177,22.061883236249802,28.9204277426327,50.9823109788825,107.50918738370773,middle_income,-6.8585445063828985,-34.30196956744492
Turkey,TUR,2021,15708.154174616993,7.396405887188086,38.9775182899936,40.926714449432,79.9042327394256,85.6330321441518,middle_income,-1.9491961594384009,25.764307609834525
Turkey,TUR,2022,19192.060094734305,4.57087898330663,39.63965272340292,32.89047254645854,72.53012526986146,105.096484215491,middle_income,6.749180176944378,22.178964386197574
United Kingdom,GBR,2000,47767.77210375372,3.6314060980682226,42.29661982520972,52.248176457148745,94.54479628235846,101.16080164671084,high_income,-9.951556631939027,
United Kingdom,GBR,2001,54522.83252030483,4.072159954257829,43.88596499325358,53.288585417436394,97.17455041068997,101.14262994612595,high_income,-9.402620424182814,14.141460066169342
United Kingdom,GBR,2002,60505.31213897551,3.8378171351835824,28.826298260170812,37.310132068739556,66.13643032891036,82.82722299241054,high_income,-8.483833808568743,10.972429974988462
United Kingdom,GBR,2003,49577.08900068848,3.522993043141689,27.351787738457002,35.97672070181989,63.3285084402769,119.53582716004642,high_income,-8.624932963362891,-18.06159286177359
United Kingdom,GBR,2004,64895.75006202908,3.088857713487864,44.33133302486572,55.91469271292508,100.2460257377908,80.71174712258977,high_income,-11.58335968805936,30.898669869721207
United Kingdom,GBR,2005,55882.48472492348,1.073093247200386,36.715933341198614,49.667868082209225,86.38380142340783,112.80572453780184,high_income,-12.95193474101061,-13.888837602601834
United Kingdom,GBR,2006,64399.187656863134,2.091829412455617,34.355471558100206,44.9092493131257,79.2647208712259,115.48025142555505,high_income,-10.553777755025493,15.240379832540295
United Kingdom,GBR,2007,51397.57725113145,1.4311942685066779,31.182831632793665,36.62920740380022,67.81203903659389,111.36560487713572,high_income,-5.446375771006558,-20.189090699416735
United Kingdom,GBR,2008,50006.687572799194,3.581337288187207,46.93073978266135,44.791060150769795,91.72179993343114,96.79317357660184,high_income,2.1396796318915534,-2.70613860170158
United Kingdom,GBR,2009,47998.72759758943,4.615105389753122,47.13986492971119,44.4408551291618,91.58072005887298,83.80748772720142,high_income,2.6990098005493905,-4.01538288711204
United Kingdom,GBR,2010,46003.14878361533,0.9773493489729295,53.08548828839029,45.83768064688645,98.92316893527673,93.74990902151488,high_income,7.24780764150384,-4.157566072802144
United Kingdom,GBR,2011,49655.55425641561,2.223150848575682,45.041744231943866,43.25226831892401,88.29401255086788,117.47839851851975,high_income,1.7894759130198565,7.939468426346363
United Kingdom,GBR,2012,50424.3785495662,2.901695528061767,31.054946661184704,40.63763217132484,71.69257883250954,100.3240656076623,high_income,-9.582685510140134,1.548314795119321
United Kingdom,GBR,2013,66278.12751861662,2.838039606529113,35.00766388590395,48.52109367788068,83.52875756378464,81.30762489066996,high_income,-13.513429791976726,31.440643246532996
United Kingdom,GBR,2014,49263.78271571057,4.970719953419442,56.85045987060448,54.18118520777195,111.03164507837643,88.33315190973559,high_income,2.6692746628325352,-25.67113079367993
United Kingdom,GBR,2015,65958.32328015279,4.347086377294811,53.07971682697354,42.71729820400493,95.79701503097847,95.2287621050389,high_income,10.362418622968605,33.888060648493834
United Kingdom,GBR,2016,77920.32866905816,3.713271819458032,52.64147426813922,40.647770903426434,93.28924517156565,84.43642260448406,high_income,11.993703364712786,18.135702658931585
United Kingdom,GBR,2017,71875.22851683,1.1481132731775285,50.75955407542328,41.716608212220194,92.47616228764348,112.08619414032523,high_income,9.042945863203087,-7.758052687255468
United Kingdom,GBR,2018,48651.632110107224,2.8423696186212375,65.2593226150453,49.271725576486354,114.53104819153167,83.80044947614694,high_income,15.987597038558953,-32.31098792442077
United Kingdom,GBR,2019,69462.79652228308,4.940625733909983,52.38266201876857,44.58330683976196,96.96596885853053,103.43954093973831,high_income,7.799355179006611,42.77588132105521
United Kingdom,GBR,2020,85941.7114036892,3.093464648906464,43.68044134609711,64.95619200802781,108.63663335412492,93.75029523038576,high_income,-21.2757506619307,23.72336805662556
United Kingdom,GBR,2021,61793.97143250558,2.7620495103994456,66.64093573811824,47.14907394712833,113.79000968524657,85.72142637386551,high_income,19.491861790989915,-28.097811384923187
United Kingdom,GBR,2022,66559.30969340546,3.6617509911144306,39.97460329406817,56.20698341656837,96.18158671063654,102.7736110599619,high_income,-16.232380122500203,7.711655603985279
United States,USA,2000,36175.890207815275,1.4448566489258106,33.191090314712405,28.888395996499355,62.07948631121176,98.8945015292,high_income,4.3026943182130495,
United States,USA,2001,42137.9896465771,4.21147956724557,34.145031234984145,33.90496761353771,68.04999884852185,91.66040439656976,high_income,0.24006362144643845,16.480864477728318
United States,USA,2002,32632.4946310735,1.9228928809511356,28.886578668791675,33.17317860844464,62.059757277236315,107.34530780410104,high_income,-4.286599939652962,-22.558017350207738
United States,USA,2003,39021.47603997372,1.23374614400994,45.01614299106554,36.78725688212972,81.80339987319526,89.6392605951498,high_income,8.228886108935825,19.578587175546392
United States,USA,2004,61201.486567430446,1.5316786750890472,43.12985154036079,44.594665716824395,87.72451725718518,105.12764087551524,high_income,-1.4648141764636051,56.84052162643836
United States,USA,2005,50625.07355721744,4.425394944681317,49.80262492575202,52.338443927591705,102.14106885334373,115.31111694173072,high_income,-2.535819001839684,-17.281300836639236
United States,USA,2006,62014.923520690776,2.342467401501925,41.1094320786365,53.84005883131707,94.94949090995357,94.68744235610882,high_income,-12.730626752680571,22.498436373826316
United States,USA,2007,50929.155527898154,0.5681388205531945,42.68333745536758,37.10638736592499,79.78972482129257,81.92845461700729,high_income,5.57695008944259,-17.875968175779413
United States,USA,2008,36505.87183849551,1.3598810788968114,48.659188855568246,34.97349456318349,83.63268341875174,86.57276513261664,high_income,13.685694292384753,-28.32028832974034
United States,USA,2009,39008.60188795459,0.044234974636082613,45.51604237904598,45.20114102455748,90.71718340360346,111.39682483466544,high_income,0.314901354488498,6.855691765235283
United States,USA,2010,59991.96752259038,1.5915186408180402,40.658086092352775,40.73538822426349,81.39347431661626,103.49892919135755,high_income,-0.077302131910713,53.791637277610846
United States,USA,2011,44679.610332883,4.038294504956028,46.19234569147831,38.103492662590526,84.29583835406883,94.60219707942663,high_income,8.088853028887783,-25.524012333720194
United States,USA,2012,65512.84208745605,3.751826837774236,35.104190470938036,42.42264595735664,77.52683642829467,99.0248741983923,high_income,-7.318455486418607,46.62805158629673
United States,USA,2013,39151.48153242076,3.4566735741918575,36.86271363681234,47.70943815349664,84.57215179030898,114.60083669343787,high_income,-10.846724516684304,-40.23846274268534
United States,USA,2014,45298.39054217349,0.9968371697495417,51.371943816318726,61.694109161643084,113.06605297796182,108.38420938799091,high_income,-10.322165345324358,15.700322871977557
United States,USA,2015,46435.25193644801,1.52717207917941,55.60354469366059,38.866672177977996,94.47021687163858,97.02141344347227,high_income,16.73687251568259,2.509716969339304
United States,USA,2016,59450.18678381507,3.543797354555397,46.59938075809976,62.26092814128778,108.86030889938755,101.24570783413063,high_income,-15.661547383188015,28.028134455218414
United States,USA,2017,81486.9867701357,1.434464252196952,34.282628235362644,50.60699032599549,84.88961856135813,110.63061846440011,high_income,-16.324362090632846,37.06767157259798
United States,USA,2018,51254.63359861415,3.1200374377425955,43.06413792167959,41.526274469263015,84.5904123909426,111.62983296820522,high_income,1.5378634524165733,-37.10083581419341
United States,USA,2019,54022.03014326609,3.0480774361060576,55.058078555471695,62.463989094440855,117.52206764991256,88.80922665264464,high_income,-7.4059105389691595,5.3993099752190465
United States,USA,2020,58646.00286410634,4.18328955951165,36.36378116158904,49.38803972667607,85.75182088826512,97.0812881184161,high_income,-13.024258565087031,8.559420496744563
United States,USA,2021,57392.824335235804,2.6223052189019933,53.24023662879834,66.36290675926475,119.60314338806309,111.18740383923834,high_income,-13.122670130466403,-2.136852415627344
United States,USA,2022,48486.62194151352,2.1969992160938134,56.217167507879644,39.984873457675924,96.20204096555557,110.28324117449534,high_income,16.23229405020372,-15.517971971026356
Vietnam,VNM,2000,4377.526074054445,5.6463545216524,14.760599469957782,15.481053863068226,30.241653333026008,116.69208264128807,low_income,-0.7204543931104439,
Vietnam,VNM,2001,3848.2860344706833,5.277268094414082,19.368558883971613,16.596789598967003,35.965348482938616,87.81580383720136,low_income,2.771769285004609,-12.089934603029839
Vietnam,VNM,2002,3132.189299444725,5.654731527019706,29.839492127879904,21.126022706003557,50.96551483388346,90.09419706917733,low_income,8.713469421876347,-18.608199302535855
Vietnam,VNM,2003,2614.7074247681303,6.968348449557247,21.009173939711385,29.749797254322406,50.75897119403379,115.62122037003478,low_income,-8.740623314611021,-16.521411230423844
Vietnam,VNM,2004,3952.837354429881,6.395452307505304,24.295330493980007,23.760173952374682,48.05550444635469,81.23924284874343,low_income,0.5351565416053248,51.17704248613646
Vietnam,VNM,2005,1900.5512127830066,6.808639104642822,28.69681018648576,19.92387343578996,48.62068362227572,107.92197375212234,low_income,8.772936750695798,-51.91931662320764
Vietnam,VNM,2006,1240.9766789921846,6.379455187973932,20.733738669433716,27.503982756571368,48.23772142600508,86.08470884885212,low_income,-6.770244087137652,-34.70438098981804
Vietnam,VNM,2007,5137.738632491361,7.729308419586326,19.693207539653045,18.65280601540651,38.34601355505956,111.35171692280414,low_income,1.0404015242465334,314.007669883353
Vietnam,VNM,2008,2882.55937217029,3.9029096730917345,25.686431822658992,21.02318286930426,46.70961469196325,104.41604151976094,low_income,4.663248953354731,-43.894394433753114
Vietnam,VNM,2009,5158.027673578227,7.430719509138598,25.520471538816015,19.47456733794095,44.995038876756965,96.04012198528008,low_income,6.045904200875064,78.93916508282459
Vietnam,VNM,2010,3878.4032713130027,5.938275434278281,15.29085927649145,22.410769052787735,37.70162832927919,88.54355518507249,low_income,-7.119909776296286,-24.80840513555297
Vietnam,VNM,2011,3834.7624702485477,3.4798715389107726,30.511035509556706,24.1412396387083,54.652275148265005,87.48631474009659,low_income,6.369795870848407,-1.125225976041444
Vietnam,VNM,2012,2101.756921594981,8.82696623876895,30.465693724182046,34.097795919137,64.56348964331904,111.72064168256566,low_income,-3.6321021949549532,-45.19199199686658
Vietnam,VNM,2013,6225.23402854236,5.192116444435371,32.59922322485433,27.6549342750201,60.25415749987443,102.54178178772662,low_income,4.9442889498342275,196.19191280303502
Vietnam,VNM,2014,4426.9516874615565,6.199839718499107,27.86371306406958,38.551623458487875,66.41533652255745,87.79074121723505,low_income,-10.687910394418296,-28.886983731628025
Vietnam,VNM,2015,4600.354077305034,2.9934731850118843,30.97948853111245,35.836075993263655,66.81556452437611,84.32306129507609,low_income,-4.856587462151204,3.9169704592576515
Vietnam,VNM,2016,6503.225302390634,7.784613563502889,36.83908124983656,29.239687453634026,66.07876870347059,99.09184007376967,low_income,7.599393796202534,41.363581870209764
Vietnam,VNM,2017,5821.499040953395,7.208757788019528,30.202315010183643,39.82708072337393,70.02939573355758,111.21420319418189,low_income,-9.624765713190289,-10.482894713591296
Vietnam,VNM,2018,2054.445195280591,8.339978112937985,24.31074498260596,16.614543228179897,40.92528821078586,105.22601160496362,low_income,7.696201754426063,-64.70934409113754
Vietnam,VNM,2019,2363.1489185140654,5.300902505638479,17.25692816869819,21.884768996476403,39.14169716517459,90.82885622770048,low_income,-4.627840827778211,15.026135715015364
Vietnam,VNM,2020,5819.498730907235,2.8325582890682917,21.793347182115866,28.56113134718433,50.354478529300195,108.71067690120245,low_income,-6.767784165068463,146.2603471712863
Vietnam,VNM,2021,6166.038315950701,8.949402222036788,24.980342547560475,32.1132337353147,57.093576282875176,100.2658319937769,low_income,-7.132891187754225,5.954801282162014
Vietnam,VNM,2022,2364.513675641882,7.112159179293858,29.395021655107076,30.620971568115,60.015993223222075,108.68604501972754,low_income,-1.2259499130079234,-61.65262759517391
